0.06209902925128728,26.813689088863892,2515,2,100,0.2,0.005,0.0030565131301613447,0.6113026260322689,0.75,350,0.1
0.05840889553116165,27.274017228590633,2515,2,100,0.2,0.007,0.004279118382225882,0.6113026260322689,0.75,350,0.1
0.05795010368191606,26.595150737556327,2515,2,100,0.2,0.009000000000000001,0.0055017236342904206,0.6113026260322689,0.75,350,0.1
0.055892140823867044,27.294084104073104,2515,2,100,0.2,0.011000000000000001,0.006724328886354959,0.6113026260322689,0.75,350,0.1
0.05652721495367213,26.425508507490633,2515,2,100,0.2,0.013000000000000001,0.007946934138419497,0.6113026260322689,0.75,350,0.1
0.05452413023281545,26.753846480247656,2515,2,100,0.2,0.015000000000000001,0.009169539390484035,0.6113026260322689,0.75,350,0.1
0.06038769282569068,26.859139163933254,2515,2,100,0.2,0.017,0.010392144642548572,0.6113026260322689,0.75,350,0.1
0.05607058477557621,27.797799879645687,2515,2,100,0.2,0.019000000000000003,0.011614749894613112,0.6113026260322689,0.75,350,0.1
0.05799782714950331,27.120286301094584,2515,2,100,0.2,0.021000000000000005,0.012837355146677651,0.6113026260322689,0.75,350,0.1
0.0572356120876787,27.307716776001154,2515,2,100,0.2,0.023000000000000007,0.01405996039874219,0.6113026260322689,0.75,350,0.1
0.07066890904605085,27.3221555255226,2515,2,100,0.2,0.02500000000000001,0.015282565650806728,0.6113026260322689,0.75,350,0.1
0.06810396663015782,26.298329383104047,2515,2,100,0.2,0.02700000000000001,0.016505170902871267,0.6113026260322689,0.75,350,0.1
0.07760831181260675,26.16983284557682,2515,2,100,0.2,0.029000000000000012,0.017727776154935804,0.6113026260322689,0.75,350,0.1
0.09399445293050077,26.90733644925448,2515,2,100,0.2,0.031000000000000014,0.018950381407000345,0.6113026260322689,0.75,350,0.1
0.11801747459697338,26.535367258746753,2515,2,100,0.2,0.033000000000000015,0.020172986659064883,0.6113026260322689,0.75,350,0.1
0.14073308430634596,26.98316836052606,2515,2,100,0.2,0.03500000000000002,0.021395591911129424,0.6113026260322689,0.75,350,0.1
0.1804607241309446,26.548431560582983,2515,2,100,0.2,0.03700000000000002,0.02261819716319396,0.6113026260322689,0.75,350,0.1
0.2334036504622746,26.53838044450452,2515,2,100,0.2,0.03900000000000002,0.023840802415258502,0.6113026260322689,0.75,350,0.1
0.3135246154543088,26.222253063844406,2515,2,100,0.2,0.04100000000000002,0.02506340766732304,0.6113026260322689,0.75,350,0.1
0.3421454119831046,25.04603673299456,2515,2,100,0.2,0.043000000000000024,0.026286012919387577,0.6113026260322689,0.75,350,0.1
0.42919118156259434,25.076949346593526,2515,2,100,0.2,0.045000000000000026,0.02750861817145212,0.6113026260322689,0.75,350,0.1
0.47784641228908253,24.85598613131825,2515,2,100,0.2,0.04700000000000003,0.028731223423516656,0.6113026260322689,0.75,350,0.1
0.5775227558209459,24.423810572435922,2515,2,100,0.2,0.04900000000000003,0.029953828675581197,0.6113026260322689,0.75,350,0.1
0.6459037401061878,23.158366368113352,2515,2,100,0.2,0.05100000000000003,0.031176433927645734,0.6113026260322689,0.75,350,0.1
0.7125255519873273,22.280435561163152,2515,2,100,0.2,0.05300000000000003,0.03239903917971027,0.6113026260322689,0.75,350,0.1
0.7617952166552285,21.58026390160833,2515,2,100,0.2,0.055000000000000035,0.03362164443177481,0.6113026260322689,0.75,350,0.1
0.8125181437253315,20.516310636494016,2515,2,100,0.2,0.05700000000000004,0.034844249683839354,0.6113026260322689,0.75,350,0.1
0.8506007652613616,20.40376923016764,2515,2,100,0.2,0.05900000000000004,0.03606685493590389,0.6113026260322689,0.75,350,0.1
0.9062350067584959,18.787691039231998,2515,2,100,0.2,0.06100000000000004,0.03728946018796843,0.6113026260322689,0.75,350,0.1
0.91404512825768,17.949703724969076,2515,2,100,0.2,0.06300000000000004,0.038512065440032967,0.6113026260322689,0.75,350,0.1
0.9471751857790357,17.196362811440885,2515,2,100,0.2,0.06500000000000004,0.039734670692097504,0.6113026260322689,0.75,350,0.1
0.9473277016080026,15.52751848325785,2515,2,100,0.2,0.06700000000000005,0.04095727594416205,0.6113026260322689,0.75,350,0.1
0.9673902124453754,15.106727916461681,2515,2,100,0.2,0.06900000000000005,0.042179881196226586,0.6113026260322689,0.75,350,0.1
0.9904600055432148,14.365265276317782,2515,2,100,0.2,0.07100000000000005,0.043402486448291124,0.6113026260322689,0.75,350,0.1
0.9918335295340327,13.262019755609,2515,2,100,0.2,0.07300000000000005,0.04462509170035566,0.6113026260322689,0.75,350,0.1
0.9798640631450103,13.014272637660689,2515,2,100,0.2,0.07500000000000005,0.0458476969524202,0.6113026260322689,0.75,350,0.1
1.0015880903392025,13.077466530036716,2515,2,100,0.2,0.07700000000000005,0.04707030220448474,0.6113026260322689,0.75,350,0.1
1.00913173365914,11.741529038802975,2515,2,100,0.2,0.07900000000000006,0.04829290745654928,0.6113026260322689,0.75,350,0.1
0.9994024690903285,11.32100908504922,2515,2,100,0.2,0.08100000000000006,0.04951551270861382,0.6113026260322689,0.75,350,0.1
0.9934810482273708,10.313346208812593,2515,2,100,0.2,0.08300000000000006,0.050738117960678356,0.6113026260322689,0.75,350,0.1
0.9945881691350603,10.637083541980967,2515,2,100,0.2,0.08500000000000006,0.05196072321274289,0.6113026260322689,0.75,350,0.1
1.0205797213399181,9.849459865708711,2515,2,100,0.2,0.08700000000000006,0.05318332846480744,0.6113026260322689,0.75,350,0.1
0.9852796772919263,9.847165761193857,2515,2,100,0.2,0.08900000000000007,0.054405933716871975,0.6113026260322689,0.75,350,0.1
0.9776106739730062,9.629726289903859,2515,2,100,0.2,0.09100000000000007,0.05562853896893651,0.6113026260322689,0.75,350,0.1
0.9845069666984342,8.882399296958088,2515,2,100,0.2,0.09300000000000007,0.05685114422100105,0.6113026260322689,0.75,350,0.1
0.9948178496455499,8.4261899709941,2515,2,100,0.2,0.09500000000000007,0.05807374947306559,0.6113026260322689,0.75,350,0.1
0.9930694021201248,8.58620618166331,2515,2,100,0.2,0.09700000000000007,0.05929635472513013,0.6113026260322689,0.75,350,0.1
0.9702760118251835,8.342063107133319,2515,2,100,0.2,0.09900000000000007,0.06051895997719467,0.6113026260322689,0.75,350,0.1
0.9868783556156382,8.084702378708624,2515,2,100,0.2,0.10100000000000008,0.06174156522925921,0.6113026260322689,0.75,350,0.1
0.9382132252741598,8.675547172454,2515,2,100,0.2,0.10300000000000008,0.06296417048132374,0.6113026260322689,0.75,350,0.1
0.9724156766074061,7.55548028285619,2515,2,100,0.2,0.10500000000000008,0.06418677573338828,0.6113026260322689,0.75,350,0.1
0.9766055208683151,7.995345047371586,2515,2,100,0.2,0.10700000000000008,0.06540938098545282,0.6113026260322689,0.75,350,0.1
1.0148905952550262,8.120288045098768,2515,2,100,0.2,0.10900000000000008,0.06663198623751736,0.6113026260322689,0.75,350,0.1
0.9636394610348455,7.214642107366481,2515,2,100,0.2,0.11100000000000008,0.06785459148958191,0.6113026260322689,0.75,350,0.1
0.9632698249662303,8.00117458858683,2515,2,100,0.2,0.11300000000000009,0.06907719674164645,0.6113026260322689,0.75,350,0.1
1.004366130437988,8.208789237788565,2515,2,100,0.2,0.11500000000000009,0.07029980199371098,0.6113026260322689,0.75,350,0.1
1.00485160606678,7.913409260294491,2515,2,100,0.2,0.11700000000000009,0.07152240724577552,0.6113026260322689,0.75,350,0.1
0.9810865420283668,8.733284830364997,2515,2,100,0.2,0.11900000000000009,0.07274501249784006,0.6113026260322689,0.75,350,0.1
1.043226764016248,7.992738267139228,2515,2,100,0.2,0.1210000000000001,0.0739676177499046,0.6113026260322689,0.75,350,0.1
1.008368544081742,7.597626348333052,2515,2,100,0.2,0.1230000000000001,0.07519022300196913,0.6113026260322689,0.75,350,0.1
1.0355164699824932,8.166572604201903,2515,2,100,0.2,0.12500000000000008,0.07641282825403367,0.6113026260322689,0.75,350,0.1
1.0083187038519474,7.899875292745284,2515,2,100,0.2,0.12700000000000009,0.07763543350609821,0.6113026260322689,0.75,350,0.1
0.9413107224294005,7.535193143863092,2515,2,100,0.2,0.1290000000000001,0.07885803875816275,0.6113026260322689,0.75,350,0.1
1.0040744954867755,6.801495465281227,2515,2,100,0.2,0.1310000000000001,0.08008064401022728,0.6113026260322689,0.75,350,0.1
0.9421427444222195,7.466131419247069,2515,2,100,0.2,0.1330000000000001,0.08130324926229182,0.6113026260322689,0.75,350,0.1
0.9378122973130095,6.857939421926595,2515,2,100,0.2,0.1350000000000001,0.08252585451435636,0.6113026260322689,0.75,350,0.1
0.9325823483963618,6.648241797837279,2515,2,100,0.2,0.1370000000000001,0.0837484597664209,0.6113026260322689,0.75,350,0.1
0.9480788763797935,7.030165202001675,2515,2,100,0.2,0.1390000000000001,0.08497106501848543,0.6113026260322689,0.75,350,0.1
0.9677054309620895,7.431990967312362,2515,2,100,0.2,0.1410000000000001,0.08619367027054997,0.6113026260322689,0.75,350,0.1
1.0330349102771448,6.928436450086102,2515,2,100,0.2,0.1430000000000001,0.08741627552261452,0.6113026260322689,0.75,350,0.1
0.9699505003672184,6.831689422420175,2515,2,100,0.2,0.1450000000000001,0.08863888077467906,0.6113026260322689,0.75,350,0.1
0.9881942569482698,7.303748711085989,2515,2,100,0.2,0.1470000000000001,0.0898614860267436,0.6113026260322689,0.75,350,0.1
0.9851663733372947,6.632694788370144,2515,2,100,0.2,0.1490000000000001,0.09108409127880814,0.6113026260322689,0.75,350,0.1
0.9868132610703622,6.9171172182471246,2515,2,100,0.2,0.1510000000000001,0.09230669653087267,0.6113026260322689,0.75,350,0.1
0.9674566027241684,6.960194137292611,2515,2,100,0.2,0.1530000000000001,0.09352930178293721,0.6113026260322689,0.75,350,0.1
0.9475980210122497,6.871413521028359,2515,2,100,0.2,0.1550000000000001,0.09475190703500175,0.6113026260322689,0.75,350,0.1
0.9912527710078043,6.56235618933475,2515,2,100,0.2,0.1570000000000001,0.09597451228706629,0.6113026260322689,0.75,350,0.1
1.0002370458448506,6.5202433748931234,2515,2,100,0.2,0.1590000000000001,0.09719711753913082,0.6113026260322689,0.75,350,0.1
1.016731029490995,6.6924862678825505,2515,2,100,0.2,0.16100000000000012,0.09841972279119537,0.6113026260322689,0.75,350,0.1
1.0021834233990163,6.092933335193515,2515,2,100,0.2,0.16300000000000012,0.09964232804325991,0.6113026260322689,0.75,350,0.1
0.9812676862538328,5.6345303434937675,2515,2,100,0.2,0.16500000000000012,0.10086493329532445,0.6113026260322689,0.75,350,0.1
0.9670384988433833,5.6459216575156255,2515,2,100,0.2,0.16700000000000012,0.10208753854738899,0.6113026260322689,0.75,350,0.1
0.9915751818323556,6.403804679666372,2515,2,100,0.2,0.16900000000000012,0.10331014379945352,0.6113026260322689,0.75,350,0.1
0.9902936717558163,6.083061898614489,2515,2,100,0.2,0.17100000000000012,0.10453274905151806,0.6113026260322689,0.75,350,0.1
0.9447469873061166,5.900216413517754,2515,2,100,0.2,0.17300000000000013,0.1057553543035826,0.6113026260322689,0.75,350,0.1
1.0239918486084452,5.693443094541338,2515,2,100,0.2,0.17500000000000013,0.10697795955564714,0.6113026260322689,0.75,350,0.1
1.0428351117483532,5.968778646289656,2515,2,100,0.2,0.17700000000000013,0.10820056480771167,0.6113026260322689,0.75,350,0.1
1.0028233454817421,6.238522826547695,2515,2,100,0.2,0.17900000000000013,0.10942317005977621,0.6113026260322689,0.75,350,0.1
1.0229669537795996,5.7448517332999725,2515,2,100,0.2,0.18100000000000013,0.11064577531184076,0.6113026260322689,0.75,350,0.1
1.01060251372737,5.434326516336737,2515,2,100,0.2,0.18300000000000013,0.1118683805639053,0.6113026260322689,0.75,350,0.1
0.995366927672899,5.107976645584383,2515,2,100,0.2,0.18500000000000014,0.11309098581596984,0.6113026260322689,0.75,350,0.1
1.038654262292114,5.578987466676835,2515,2,100,0.2,0.18700000000000014,0.11431359106803438,0.6113026260322689,0.75,350,0.1
1.0067667210732625,4.733773448159365,2515,2,100,0.2,0.18900000000000014,0.11553619632009891,0.6113026260322689,0.75,350,0.1
0.9898521943143591,4.999467326705358,2515,2,100,0.2,0.19100000000000014,0.11675880157216345,0.6113026260322689,0.75,350,0.1
1.029787432993663,4.833143958362764,2515,2,100,0.2,0.19300000000000014,0.11798140682422799,0.6113026260322689,0.75,350,0.1
1.0151922173924686,4.349549139638556,2515,2,100,0.2,0.19500000000000015,0.11920401207629253,0.6113026260322689,0.75,350,0.1
1.027458171846057,4.51950573940467,2515,2,100,0.2,0.19700000000000015,0.12042661732835706,0.6113026260322689,0.75,350,0.1
0.9797854317060816,4.566501555761705,2515,2,100,0.2,0.19900000000000015,0.1216492225804216,0.6113026260322689,0.75,350,0.1
1.0061925889434415,5.327988226016069,2515,2,100,0.2,0.20100000000000015,0.12287182783248615,0.6113026260322689,0.75,350,0.1
1.0282972245554793,4.717802208037024,2515,2,100,0.2,0.20300000000000015,0.12409443308455069,0.6113026260322689,0.75,350,0.1
1.0051775464025432,4.560788442370592,2515,2,100,0.2,0.20500000000000015,0.12531703833661523,0.6113026260322689,0.75,350,0.1
0.9994274704004721,4.629790201112725,2515,2,100,0.2,0.20700000000000016,0.12653964358867975,0.6113026260322689,0.75,350,0.1
1.032819537500445,4.7031984270019755,2515,2,100,0.2,0.20900000000000016,0.1277622488407443,0.6113026260322689,0.75,350,0.1
1.0405611425295043,4.56755056761918,2515,2,100,0.2,0.21100000000000016,0.12898485409280885,0.6113026260322689,0.75,350,0.1
1.0312818141393176,4.049456792693725,2515,2,100,0.2,0.21300000000000016,0.13020745934487338,0.6113026260322689,0.75,350,0.1
1.0257867922630357,4.409857800478231,2515,2,100,0.2,0.21500000000000016,0.13143006459693793,0.6113026260322689,0.75,350,0.1
1.0185466679414024,4.233325213024158,2515,2,100,0.2,0.21700000000000016,0.13265266984900245,0.6113026260322689,0.75,350,0.1
1.0146047226590695,4.196714642687475,2515,2,100,0.2,0.21900000000000017,0.133875275101067,0.6113026260322689,0.75,350,0.1
1.027035969100367,4.323917828425721,2515,2,100,0.2,0.22100000000000017,0.13509788035313153,0.6113026260322689,0.75,350,0.1
1.0378863926401036,3.95575788874714,2515,2,100,0.2,0.22300000000000017,0.13632048560519608,0.6113026260322689,0.75,350,0.1
1.0371536074978112,4.132817389000544,2515,2,100,0.2,0.22500000000000017,0.1375430908572606,0.6113026260322689,0.75,350,0.1
1.0260111957368416,4.204995497402583,2515,2,100,0.2,0.22700000000000017,0.13876569610932515,0.6113026260322689,0.75,350,0.1
1.0519777205868464,4.233977067421437,2515,2,100,0.2,0.22900000000000018,0.13998830136138968,0.6113026260322689,0.75,350,0.1
0.988471595665374,4.307158471812577,2515,2,100,0.2,0.23100000000000018,0.14121090661345423,0.6113026260322689,0.75,350,0.1
1.0471998879603275,4.071301527753611,2515,2,100,0.2,0.23300000000000018,0.14243351186551878,0.6113026260322689,0.75,350,0.1
1.0512651425019384,4.216069643338414,2515,2,100,0.2,0.23500000000000018,0.1436561171175833,0.6113026260322689,0.75,350,0.1
1.0588805546666762,3.8654764580380605,2515,2,100,0.2,0.23700000000000018,0.14487872236964786,0.6113026260322689,0.75,350,0.1
1.0492762360477585,4.212418169949882,2515,2,100,0.2,0.23900000000000018,0.14610132762171238,0.6113026260322689,0.75,350,0.1
1.0478293980081606,4.253938824608561,2515,2,100,0.2,0.2410000000000002,0.14732393287377693,0.6113026260322689,0.75,350,0.1
1.056779505576139,4.146354758035008,2515,2,100,0.2,0.2430000000000002,0.14854653812584145,0.6113026260322689,0.75,350,0.1
1.042875489439169,3.7509128957435784,2515,2,100,0.2,0.2450000000000002,0.149769143377906,0.6113026260322689,0.75,350,0.1
1.033351463758739,3.7146644977180174,2515,2,100,0.2,0.2470000000000002,0.15099174862997053,0.6113026260322689,0.75,350,0.1
1.031675448556181,3.9964420194797934,2515,2,100,0.2,0.2490000000000002,0.15221435388203508,0.6113026260322689,0.75,350,0.1
1.069187930603034,3.8865132153733626,2515,2,100,0.2,0.25100000000000017,0.1534369591340996,0.6113026260322689,0.75,350,0.1
1.0435930592294835,4.033190375167937,2515,2,100,0.2,0.25300000000000017,0.15465956438616413,0.6113026260322689,0.75,350,0.1
1.0410825758070361,4.072810004895621,2515,2,100,0.2,0.25500000000000017,0.15588216963822868,0.6113026260322689,0.75,350,0.1
1.0469480831347222,3.99263678248889,2515,2,100,0.2,0.2570000000000002,0.15710477489029323,0.6113026260322689,0.75,350,0.1
1.066009949778279,4.263927372471615,2515,2,100,0.2,0.2590000000000002,0.15832738014235775,0.6113026260322689,0.75,350,0.1
1.057566727080211,3.883579524488794,2515,2,100,0.2,0.2610000000000002,0.1595499853944223,0.6113026260322689,0.75,350,0.1
1.0602966119359378,4.212995089671561,2515,2,100,0.2,0.2630000000000002,0.16077259064648683,0.6113026260322689,0.75,350,0.1
1.0279118916630954,4.3873800595830295,2515,2,100,0.2,0.2650000000000002,0.16199519589855138,0.6113026260322689,0.75,350,0.1
1.0240569957105443,3.990359870710873,2515,2,100,0.2,0.2670000000000002,0.1632178011506159,0.6113026260322689,0.75,350,0.1
1.0440726813369368,3.9203014988559657,2515,2,100,0.2,0.2690000000000002,0.16444040640268046,0.6113026260322689,0.75,350,0.1
1.0492930948330674,4.16141357165901,2515,2,100,0.2,0.2710000000000002,0.16566301165474498,0.6113026260322689,0.75,350,0.1
1.0579990986401255,4.089790018068646,2515,2,100,0.2,0.2730000000000002,0.16688561690680953,0.6113026260322689,0.75,350,0.1
1.0426666349416405,4.307743311527047,2515,2,100,0.2,0.2750000000000002,0.16810822215887408,0.6113026260322689,0.75,350,0.1
1.0415149798820715,4.158276886942547,2515,2,100,0.2,0.2770000000000002,0.1693308274109386,0.6113026260322689,0.75,350,0.1
1.0746548151172803,4.283560850550408,2515,2,100,0.2,0.2790000000000002,0.17055343266300316,0.6113026260322689,0.75,350,0.1
1.0427145087140568,4.341438844355416,2515,2,100,0.2,0.2810000000000002,0.17177603791506768,0.6113026260322689,0.75,350,0.1
1.0615969281066084,4.345641320465542,2515,2,100,0.2,0.2830000000000002,0.17299864316713223,0.6113026260322689,0.75,350,0.1
1.035166675541795,4.001061549728457,2515,2,100,0.2,0.2850000000000002,0.17422124841919676,0.6113026260322689,0.75,350,0.1
1.0485519768690001,4.275579507256149,2515,2,100,0.2,0.2870000000000002,0.1754438536712613,0.6113026260322689,0.75,350,0.1
1.004232329474655,4.192389619864803,2515,2,100,0.2,0.2890000000000002,0.17666645892332583,0.6113026260322689,0.75,350,0.1
1.0020472988717155,4.118498563105673,2515,2,100,0.2,0.2910000000000002,0.17788906417539038,0.6113026260322689,0.75,350,0.1
1.035479257665937,4.306644322160982,2515,2,100,0.2,0.2930000000000002,0.17911166942745493,0.6113026260322689,0.75,350,0.1
0.9892837651664446,4.303427248619707,2515,2,100,0.2,0.2950000000000002,0.18033427467951946,0.6113026260322689,0.75,350,0.1
1.0324663949403157,4.368404652485624,2515,2,100,0.2,0.2970000000000002,0.181556879931584,0.6113026260322689,0.75,350,0.1
1.03169098866129,4.175942605357302,2515,2,100,0.2,0.2990000000000002,0.18277948518364853,0.6113026260322689,0.75,350,0.1
1.01836435999178,4.07119708281465,2515,2,100,0.2,0.3010000000000002,0.18400209043571308,0.6113026260322689,0.75,350,0.1
0.9887331990447041,3.9932456104113174,2515,2,100,0.2,0.3030000000000002,0.1852246956877776,0.6113026260322689,0.75,350,0.1
0.9880107027183845,4.00550137120745,2515,2,100,0.2,0.3050000000000002,0.18644730093984216,0.6113026260322689,0.75,350,0.1
1.02286975171349,4.19467595822749,2515,2,100,0.2,0.3070000000000002,0.18766990619190668,0.6113026260322689,0.75,350,0.1
1.0088918811744214,3.892289014427013,2515,2,100,0.2,0.3090000000000002,0.18889251144397123,0.6113026260322689,0.75,350,0.1
0.9744514049021785,3.8186723375486924,2515,2,100,0.2,0.3110000000000002,0.19011511669603576,0.6113026260322689,0.75,350,0.1
0.9991439579344943,3.910185331608581,2515,2,100,0.2,0.3130000000000002,0.1913377219481003,0.6113026260322689,0.75,350,0.1
1.0129625690980222,3.9014849928464095,2515,2,100,0.2,0.3150000000000002,0.19256032720016486,0.6113026260322689,0.75,350,0.1
1.0006997436251386,4.119096668243254,2515,2,100,0.2,0.3170000000000002,0.19378293245222938,0.6113026260322689,0.75,350,0.1
0.969910046905476,3.9966725907881657,2515,2,100,0.2,0.31900000000000023,0.19500553770429394,0.6113026260322689,0.75,350,0.1
1.0153052653848562,4.238549085467474,2515,2,100,0.2,0.32100000000000023,0.19622814295635846,0.6113026260322689,0.75,350,0.1
0.9687990200698118,3.8351174867807827,2515,2,100,0.2,0.32300000000000023,0.197450748208423,0.6113026260322689,0.75,350,0.1
0.9753890596032133,4.216391562663282,2515,2,100,0.2,0.32500000000000023,0.19867335346048753,0.6113026260322689,0.75,350,0.1
0.9916498048273314,4.031373614945911,2515,2,100,0.2,0.32700000000000023,0.19989595871255209,0.6113026260322689,0.75,350,0.1
0.9746169992959871,4.148933809948784,2515,2,100,0.2,0.32900000000000024,0.2011185639646166,0.6113026260322689,0.75,350,0.1
0.9568299793934256,4.149442453933491,2515,2,100,0.2,0.33100000000000024,0.20234116921668116,0.6113026260322689,0.75,350,0.1
0.9699305898278402,4.272251597242582,2515,2,100,0.2,0.33300000000000024,0.2035637744687457,0.6113026260322689,0.75,350,0.1
0.9639832707810646,4.3098729733029675,2515,2,100,0.2,0.33500000000000024,0.20478637972081024,0.6113026260322689,0.75,350,0.1
0.9558249565462807,4.217362225482711,2515,2,100,0.2,0.33700000000000024,0.2060089849728748,0.6113026260322689,0.75,350,0.1
0.9475619964058082,4.38618656939967,2515,2,100,0.2,0.33900000000000025,0.2072315902249393,0.6113026260322689,0.75,350,0.1
0.9516614749966057,4.461839458342943,2515,2,100,0.2,0.34100000000000025,0.20845419547700386,0.6113026260322689,0.75,350,0.1
0.9194869150637951,4.356343906949219,2515,2,100,0.2,0.34300000000000025,0.20967680072906839,0.6113026260322689,0.75,350,0.1
0.9624962400114315,4.620287501504522,2515,2,100,0.2,0.34500000000000025,0.21089940598113294,0.6113026260322689,0.75,350,0.1
0.9465136582631928,4.472498951108464,2515,2,100,0.2,0.34700000000000025,0.21212201123319746,0.6113026260322689,0.75,350,0.1
0.931759929930153,4.493464417550415,2515,2,100,0.2,0.34900000000000025,0.213344616485262,0.6113026260322689,0.75,350,0.1
0.9078003295287873,4.377205508619597,2515,2,100,0.2,0.35100000000000026,0.21456722173732654,0.6113026260322689,0.75,350,0.1
0.9307163252364853,4.761567723195692,2515,2,100,0.2,0.35300000000000026,0.2157898269893911,0.6113026260322689,0.75,350,0.1
0.935128264694258,4.765310754884688,2515,2,100,0.2,0.35500000000000026,0.21701243224145564,0.6113026260322689,0.75,350,0.1
0.9400731843940289,4.8082685103876095,2515,2,100,0.2,0.35700000000000026,0.21823503749352016,0.6113026260322689,0.75,350,0.1
0.9561159191064514,4.757796613263355,2515,2,100,0.2,0.35900000000000026,0.2194576427455847,0.6113026260322689,0.75,350,0.1
0.9462508878773515,5.021498461211391,2515,2,100,0.2,0.36100000000000027,0.22068024799764924,0.6113026260322689,0.75,350,0.1
0.9325974000662387,5.020040635025086,2515,2,100,0.2,0.36300000000000027,0.2219028532497138,0.6113026260322689,0.75,350,0.1
0.8939077627487171,5.180436292578065,2515,2,100,0.2,0.36500000000000027,0.2231254585017783,0.6113026260322689,0.75,350,0.1
0.9022574642546171,4.998836195104022,2515,2,100,0.2,0.36700000000000027,0.22434806375384286,0.6113026260322689,0.75,350,0.1
0.9206894487754004,4.961402008841799,2515,2,100,0.2,0.36900000000000027,0.2255706690059074,0.6113026260322689,0.75,350,0.1
0.9544321228071777,5.201145442159648,2515,2,100,0.2,0.3710000000000003,0.22679327425797194,0.6113026260322689,0.75,350,0.1
0.9074409902312002,5.381580144558958,2515,2,100,0.2,0.3730000000000003,0.2280158795100365,0.6113026260322689,0.75,350,0.1
0.9440872100986636,5.387564073857054,2515,2,100,0.2,0.3750000000000003,0.229238484762101,0.6113026260322689,0.75,350,0.1
0.9400500855209803,5.258004338802274,2515,2,100,0.2,0.3770000000000003,0.23046109001416556,0.6113026260322689,0.75,350,0.1
0.96208604414835,5.1144581190172715,2515,2,100,0.2,0.3790000000000003,0.2316836952662301,0.6113026260322689,0.75,350,0.1
0.951876869989459,5.159753959100711,2515,2,100,0.2,0.3810000000000003,0.23290630051829464,0.6113026260322689,0.75,350,0.1
0.9432302035390452,5.166424619939033,2515,2,100,0.2,0.3830000000000003,0.23412890577035916,0.6113026260322689,0.75,350,0.1
0.9619024787219105,5.369351663604534,2515,2,100,0.2,0.3850000000000003,0.23535151102242372,0.6113026260322689,0.75,350,0.1
0.9573152413149254,5.402596496476903,2515,2,100,0.2,0.3870000000000003,0.23657411627448824,0.6113026260322689,0.75,350,0.1
0.9190567568966784,5.261092573291445,2515,2,100,0.2,0.3890000000000003,0.2377967215265528,0.6113026260322689,0.75,350,0.1
0.9305171192243772,5.345283960225918,2515,2,100,0.2,0.3910000000000003,0.23901932677861734,0.6113026260322689,0.75,350,0.1
0.9475352438596274,5.330195065498842,2515,2,100,0.2,0.3930000000000003,0.24024193203068187,0.6113026260322689,0.75,350,0.1
0.9289244083015135,5.267863313846674,2515,2,100,0.2,0.3950000000000003,0.24146453728274642,0.6113026260322689,0.75,350,0.1
0.9327364162021471,5.482369510219307,2515,2,100,0.2,0.3970000000000003,0.24268714253481094,0.6113026260322689,0.75,350,0.1
0.9310637960920067,5.345362018994675,2515,2,100,0.2,0.3990000000000003,0.2439097477868755,0.6113026260322689,0.75,350,0.1
0.9351207486864309,5.4131657453624085,2515,2,100,0.2,0.4010000000000003,0.24513235303894002,0.6113026260322689,0.75,350,0.1
0.9240834728796536,5.243895594731371,2515,2,100,0.2,0.4030000000000003,0.24635495829100457,0.6113026260322689,0.75,350,0.1
0.9374891061242695,5.344561117254962,2515,2,100,0.2,0.4050000000000003,0.2475775635430691,0.6113026260322689,0.75,350,0.1
0.9758383105444849,5.155988062347368,2515,2,100,0.2,0.4070000000000003,0.24880016879513364,0.6113026260322689,0.75,350,0.1
0.9765404872079971,5.260234243432152,2515,2,100,0.2,0.4090000000000003,0.2500227740471982,0.6113026260322689,0.75,350,0.1
0.9411164746464725,5.289448951878939,2515,2,100,0.2,0.4110000000000003,0.2512453792992627,0.6113026260322689,0.75,350,0.1
0.9788148520196797,5.4325389179217,2515,2,100,0.2,0.4130000000000003,0.25246798455132724,0.6113026260322689,0.75,350,0.1
0.953058003041648,5.173779951611102,2515,2,100,0.2,0.4150000000000003,0.2536905898033918,0.6113026260322689,0.75,350,0.1
0.8968747654696657,5.100104800642559,2515,2,100,0.2,0.4170000000000003,0.25491319505545634,0.6113026260322689,0.75,350,0.1
0.9801128597048815,5.396506603549357,2515,2,100,0.2,0.4190000000000003,0.25613580030752087,0.6113026260322689,0.75,350,0.1
0.9033145678692257,5.225876962457465,2515,2,100,0.2,0.4210000000000003,0.2573584055595854,0.6113026260322689,0.75,350,0.1
0.9904888889270888,5.196502218601137,2515,2,100,0.2,0.4230000000000003,0.25858101081164997,0.6113026260322689,0.75,350,0.1
1.009868915935069,5.110766301651353,2515,2,100,0.2,0.4250000000000003,0.2598036160637145,0.6113026260322689,0.75,350,0.1
0.9897744503062694,5.033826285266118,2515,2,100,0.2,0.4270000000000003,0.261026221315779,0.6113026260322689,0.75,350,0.1
0.9780092325214174,5.307248879124008,2515,2,100,0.2,0.4290000000000003,0.26224882656784354,0.6113026260322689,0.75,350,0.1
1.0166686666942684,5.301579593027164,2515,2,100,0.2,0.4310000000000003,0.2634714318199081,0.6113026260322689,0.75,350,0.1
1.0516763337434192,5.087651018026159,2515,2,100,0.2,0.43300000000000033,0.26469403707197264,0.6113026260322689,0.75,350,0.1
1.0331425681169129,5.198462705352196,2515,2,100,0.2,0.43500000000000033,0.26591664232403717,0.6113026260322689,0.75,350,0.1
1.002466234972361,5.155697170429131,2515,2,100,0.2,0.43700000000000033,0.26713924757610175,0.6113026260322689,0.75,350,0.1
0.9495427372580155,5.4427114927021165,2515,2,100,0.2,0.43900000000000033,0.26836185282816627,0.6113026260322689,0.75,350,0.1
0.9225017083070035,5.066968771693908,2515,2,100,0.2,0.44100000000000034,0.2695844580802308,0.6113026260322689,0.75,350,0.1
0.9602190281898523,5.198124573879903,2515,2,100,0.2,0.44300000000000034,0.2708070633322953,0.6113026260322689,0.75,350,0.1
0.9437455255737197,5.229767004579,2515,2,100,0.2,0.44500000000000034,0.2720296685843599,0.6113026260322689,0.75,350,0.1
0.9873859652565533,5.6658240327301295,2515,2,100,0.2,0.44700000000000034,0.2732522738364244,0.6113026260322689,0.75,350,0.1
0.980035324493987,5.294667047409596,2515,2,100,0.2,0.44900000000000034,0.27447487908848894,0.6113026260322689,0.75,350,0.1
0.9937814546358141,5.358920317168789,2515,2,100,0.2,0.45100000000000035,0.2756974843405535,0.6113026260322689,0.75,350,0.1
0.9356875280572592,5.555258517030615,2515,2,100,0.2,0.45300000000000035,0.27692008959261805,0.6113026260322689,0.75,350,0.1
1.0240894994033802,5.497079425255486,2515,2,100,0.2,0.45500000000000035,0.27814269484468257,0.6113026260322689,0.75,350,0.1
0.9788818561446453,5.532759533837978,2515,2,100,0.2,0.45700000000000035,0.2793653000967471,0.6113026260322689,0.75,350,0.1
1.0483286910531529,5.903310716973895,2515,2,100,0.2,0.45900000000000035,0.2805879053488117,0.6113026260322689,0.75,350,0.1
1.0481553297672785,5.7488541930678885,2515,2,100,0.2,0.46100000000000035,0.2818105106008762,0.6113026260322689,0.75,350,0.1
1.2870694849610578,8.26205745444286,2515,2,100,0.2,0.46300000000000036,0.2830331158529407,0.6113026260322689,0.75,350,0.1
1.228012499106634,6.723601275793766,2515,2,100,0.2,0.46500000000000036,0.28425572110500524,0.6113026260322689,0.75,350,0.1
-40412568.180248804,172572662.18916544,2515,2,100,0.2,0.46700000000000036,0.2854783263570698,0.6113026260322689,0.75,350,0.1
3.485716545082401e+43,2.3805187762137544e+44,2515,2,100,0.2,0.46900000000000036,0.28670093160913435,0.6113026260322689,0.75,350,0.1
-3.127822187103124e+23,1.2775867513671434e+24,2515,2,100,0.2,0.47100000000000036,0.28792353686119887,0.6113026260322689,0.75,350,0.1
-7.561993205398261e+54,5.433189448622681e+55,2515,2,100,0.2,0.47300000000000036,0.28914614211326345,0.6113026260322689,0.75,350,0.1
2.291328073994075e+46,1.63561290023693e+47,2515,2,100,0.2,0.47500000000000037,0.290368747365328,0.6113026260322689,0.75,350,0.1
5.747593428310419e+54,3.8640880477959786e+55,2515,2,100,0.2,0.47700000000000037,0.2915913526173925,0.6113026260322689,0.75,350,0.1
1.6947033634050888e+76,8.203721107302684e+76,2515,2,100,0.2,0.47900000000000037,0.292813957869457,0.6113026260322689,0.75,350,0.1
3.599390000080879e+119,2.0587423963532316e+120,2515,2,100,0.2,0.48100000000000037,0.2940365631215216,0.6113026260322689,0.75,350,0.1
8.586135621312717e+141,3.222760259450754e+142,2515,2,100,0.2,0.4830000000000004,0.2952591683735861,0.6113026260322689,0.75,350,0.1
-2.6612522541693236e+204,1.099292745508333e+205,2515,2,100,0.2,0.4850000000000004,0.29648177362565065,0.6113026260322689,0.75,350,0.1
-2.465236356655021e+189,2.151230381158313e+190,2515,2,100,0.2,0.4870000000000004,0.29770437887771517,0.6113026260322689,0.75,350,0.1
-1.1617686104235061e+202,6.18163831590113e+202,2515,2,100,0.2,0.4890000000000004,0.29892698412977975,0.6113026260322689,0.75,350,0.1
4.9934618918221554e+216,6.870098445904397e+217,2515,2,100,0.2,0.4910000000000004,0.3001495893818443,0.6113026260322689,0.75,350,0.1
-1.1534870998186888e+257,5.793249922811353e+257,2515,2,100,0.2,0.4930000000000004,0.3013721946339088,0.6113026260322689,0.75,350,0.1
6.346650544178982e+254,8.286133353708897e+255,2515,2,100,0.2,0.4950000000000004,0.3025947998859734,0.6113026260322689,0.75,350,0.1
NaN,NaN,2515,2,100,0.2,0.4970000000000004,0.3038174051380379,0.6113026260322689,0.75,350,0.1
NaN,NaN,2515,2,100,0.2,0.4990000000000004,0.3050400103901024,0.6113026260322689,0.75,350,0.1
NaN,NaN,2515,2,100,0.2,0.5010000000000003,0.30626261564216695,0.6113026260322689,0.75,350,0.1
NaN,NaN,2515,2,100,0.2,0.5030000000000003,0.30748522089423147,0.6113026260322689,0.75,350,0.1
NaN,NaN,2515,2,100,0.2,0.5050000000000003,0.308707826146296,0.6113026260322689,0.75,350,0.1
NaN,NaN,2515,2,100,0.2,0.5070000000000003,0.3099304313983606,0.6113026260322689,0.75,350,0.1
NaN,NaN,2515,2,100,0.2,0.5090000000000003,0.3111530366504251,0.6113026260322689,0.75,350,0.1
NaN,NaN,2515,2,100,0.2,0.5110000000000003,0.3123756419024896,0.6113026260322689,0.75,350,0.1
NaN,NaN,2515,2,100,0.2,0.5130000000000003,0.31359824715455414,0.6113026260322689,0.75,350,0.1
NaN,NaN,2515,2,100,0.2,0.5150000000000003,0.3148208524066187,0.6113026260322689,0.75,350,0.1
NaN,NaN,2515,2,100,0.2,0.5170000000000003,0.31604345765868325,0.6113026260322689,0.75,350,0.1
NaN,NaN,2515,2,100,0.2,0.5190000000000003,0.31726606291074777,0.6113026260322689,0.75,350,0.1
NaN,NaN,2515,2,100,0.2,0.5210000000000004,0.31848866816281235,0.6113026260322689,0.75,350,0.1
NaN,NaN,2515,2,100,0.2,0.5230000000000004,0.3197112734148769,0.6113026260322689,0.75,350,0.1
NaN,NaN,2515,2,100,0.2,0.5250000000000004,0.3209338786669414,0.6113026260322689,0.75,350,0.1
NaN,NaN,2515,2,100,0.2,0.5270000000000004,0.3221564839190059,0.6113026260322689,0.75,350,0.1
NaN,NaN,2515,2,100,0.2,0.5290000000000004,0.3233790891710705,0.6113026260322689,0.75,350,0.1
NaN,NaN,2515,2,100,0.2,0.5310000000000004,0.324601694423135,0.6113026260322689,0.75,350,0.1
NaN,NaN,2515,2,100,0.2,0.5330000000000004,0.32582429967519955,0.6113026260322689,0.75,350,0.1
NaN,NaN,2515,2,100,0.2,0.5350000000000004,0.32704690492726407,0.6113026260322689,0.75,350,0.1
NaN,NaN,2515,2,100,0.2,0.5370000000000004,0.32826951017932865,0.6113026260322689,0.75,350,0.1
NaN,NaN,2515,2,100,0.2,0.5390000000000004,0.3294921154313932,0.6113026260322689,0.75,350,0.1
NaN,NaN,2515,2,100,0.2,0.5410000000000004,0.3307147206834577,0.6113026260322689,0.75,350,0.1
NaN,NaN,2515,2,100,0.2,0.5430000000000004,0.3319373259355223,0.6113026260322689,0.75,350,0.1
NaN,NaN,2515,2,100,0.2,0.5450000000000004,0.3331599311875868,0.6113026260322689,0.75,350,0.1
NaN,NaN,2515,2,100,0.2,0.5470000000000004,0.3343825364396513,0.6113026260322689,0.75,350,0.1
NaN,NaN,2515,2,100,0.2,0.5490000000000004,0.33560514169171585,0.6113026260322689,0.75,350,0.1
NaN,NaN,2515,2,100,0.2,0.5510000000000004,0.3368277469437804,0.6113026260322689,0.75,350,0.1
NaN,NaN,2515,2,100,0.2,0.5530000000000004,0.33805035219584495,0.6113026260322689,0.75,350,0.1
NaN,NaN,2515,2,100,0.2,0.5550000000000004,0.3392729574479095,0.6113026260322689,0.75,350,0.1
NaN,NaN,2515,2,100,0.2,0.5570000000000004,0.34049556269997405,0.6113026260322689,0.75,350,0.1
NaN,NaN,2515,2,100,0.2,0.5590000000000004,0.3417181679520386,0.6113026260322689,0.75,350,0.1
NaN,NaN,2515,2,100,0.2,0.5610000000000004,0.3429407732041031,0.6113026260322689,0.75,350,0.1
NaN,NaN,2515,2,100,0.2,0.5630000000000004,0.3441633784561676,0.6113026260322689,0.75,350,0.1
NaN,NaN,2515,2,100,0.2,0.5650000000000004,0.3453859837082322,0.6113026260322689,0.75,350,0.1
NaN,NaN,2515,2,100,0.2,0.5670000000000004,0.3466085889602967,0.6113026260322689,0.75,350,0.1
NaN,NaN,2515,2,100,0.2,0.5690000000000004,0.34783119421236125,0.6113026260322689,0.75,350,0.1
NaN,NaN,2515,2,100,0.2,0.5710000000000004,0.3490537994644258,0.6113026260322689,0.75,350,0.1
NaN,NaN,2515,2,100,0.2,0.5730000000000004,0.35027640471649035,0.6113026260322689,0.75,350,0.1
NaN,NaN,2515,2,100,0.2,0.5750000000000004,0.3514990099685549,0.6113026260322689,0.75,350,0.1
NaN,NaN,2515,2,100,0.2,0.5770000000000004,0.3527216152206194,0.6113026260322689,0.75,350,0.1
NaN,NaN,2515,2,100,0.2,0.5790000000000004,0.353944220472684,0.6113026260322689,0.75,350,0.1
NaN,NaN,2515,2,100,0.2,0.5810000000000004,0.3551668257247485,0.6113026260322689,0.75,350,0.1
NaN,NaN,2515,2,100,0.2,0.5830000000000004,0.356389430976813,0.6113026260322689,0.75,350,0.1
NaN,NaN,2515,2,100,0.2,0.5850000000000004,0.35761203622887755,0.6113026260322689,0.75,350,0.1
NaN,NaN,2515,2,100,0.2,0.5870000000000004,0.35883464148094213,0.6113026260322689,0.75,350,0.1
NaN,NaN,2515,2,100,0.2,0.5890000000000004,0.36005724673300665,0.6113026260322689,0.75,350,0.1
NaN,NaN,2515,2,100,0.2,0.5910000000000004,0.3612798519850712,0.6113026260322689,0.75,350,0.1
NaN,NaN,2515,2,100,0.2,0.5930000000000004,0.3625024572371357,0.6113026260322689,0.75,350,0.1
NaN,NaN,2515,2,100,0.2,0.5950000000000004,0.3637250624892003,0.6113026260322689,0.75,350,0.1
NaN,NaN,2515,2,100,0.2,0.5970000000000004,0.3649476677412648,0.6113026260322689,0.75,350,0.1
NaN,NaN,2515,2,100,0.2,0.5990000000000004,0.3661702729933293,0.6113026260322689,0.75,350,0.1
NaN,NaN,2515,2,100,0.2,0.6010000000000004,0.3673928782453939,0.6113026260322689,0.75,350,0.1
NaN,NaN,2515,2,100,0.2,0.6030000000000004,0.36861548349745843,0.6113026260322689,0.75,350,0.1
NaN,NaN,2515,2,100,0.2,0.6050000000000004,0.36983808874952295,0.6113026260322689,0.75,350,0.1
NaN,NaN,2515,2,100,0.2,0.6070000000000004,0.3710606940015875,0.6113026260322689,0.75,350,0.1
NaN,NaN,2515,2,100,0.2,0.6090000000000004,0.37228329925365206,0.6113026260322689,0.75,350,0.1
NaN,NaN,2515,2,100,0.2,0.6110000000000004,0.3735059045057166,0.6113026260322689,0.75,350,0.1
NaN,NaN,2515,2,100,0.2,0.6130000000000004,0.3747285097577811,0.6113026260322689,0.75,350,0.1
NaN,NaN,2515,2,100,0.2,0.6150000000000004,0.3759511150098457,0.6113026260322689,0.75,350,0.1
NaN,NaN,2515,2,100,0.2,0.6170000000000004,0.3771737202619102,0.6113026260322689,0.75,350,0.1
NaN,NaN,2515,2,100,0.2,0.6190000000000004,0.37839632551397473,0.6113026260322689,0.75,350,0.1
NaN,NaN,2515,2,100,0.2,0.6210000000000004,0.37961893076603925,0.6113026260322689,0.75,350,0.1
NaN,NaN,2515,2,100,0.2,0.6230000000000004,0.38084153601810383,0.6113026260322689,0.75,350,0.1
NaN,NaN,2515,2,100,0.2,0.6250000000000004,0.38206414127016836,0.6113026260322689,0.75,350,0.1
NaN,NaN,2515,2,100,0.2,0.6270000000000004,0.3832867465222329,0.6113026260322689,0.75,350,0.1
NaN,NaN,2515,2,100,0.2,0.6290000000000004,0.3845093517742974,0.6113026260322689,0.75,350,0.1
NaN,NaN,2515,2,100,0.2,0.6310000000000004,0.385731957026362,0.6113026260322689,0.75,350,0.1
NaN,NaN,2515,2,100,0.2,0.6330000000000005,0.3869545622784265,0.6113026260322689,0.75,350,0.1
NaN,NaN,2515,2,100,0.2,0.6350000000000005,0.38817716753049103,0.6113026260322689,0.75,350,0.1
NaN,NaN,2515,2,100,0.2,0.6370000000000005,0.3893997727825556,0.6113026260322689,0.75,350,0.1
NaN,NaN,2515,2,100,0.2,0.6390000000000005,0.39062237803462013,0.6113026260322689,0.75,350,0.1
NaN,NaN,2515,2,100,0.2,0.6410000000000005,0.39184498328668466,0.6113026260322689,0.75,350,0.1
NaN,NaN,2515,2,100,0.2,0.6430000000000005,0.3930675885387492,0.6113026260322689,0.75,350,0.1
NaN,NaN,2515,2,100,0.2,0.6450000000000005,0.39429019379081376,0.6113026260322689,0.75,350,0.1
NaN,NaN,2515,2,100,0.2,0.6470000000000005,0.3955127990428783,0.6113026260322689,0.75,350,0.1
NaN,NaN,2515,2,100,0.2,0.6490000000000005,0.3967354042949428,0.6113026260322689,0.75,350,0.1
NaN,NaN,2515,2,100,0.2,0.6510000000000005,0.39795800954700733,0.6113026260322689,0.75,350,0.1
NaN,NaN,2515,2,100,0.2,0.6530000000000005,0.3991806147990719,0.6113026260322689,0.75,350,0.1
NaN,NaN,2515,2,100,0.2,0.6550000000000005,0.40040322005113643,0.6113026260322689,0.75,350,0.1
NaN,NaN,2515,2,100,0.2,0.6570000000000005,0.40162582530320096,0.6113026260322689,0.75,350,0.1
NaN,NaN,2515,2,100,0.2,0.6590000000000005,0.40284843055526554,0.6113026260322689,0.75,350,0.1
NaN,NaN,2515,2,100,0.2,0.6610000000000005,0.40407103580733006,0.6113026260322689,0.75,350,0.1
NaN,NaN,2515,2,100,0.2,0.6630000000000005,0.4052936410593946,0.6113026260322689,0.75,350,0.1
NaN,NaN,2515,2,100,0.2,0.6650000000000005,0.4065162463114591,0.6113026260322689,0.75,350,0.1
NaN,NaN,2515,2,100,0.2,0.6670000000000005,0.4077388515635237,0.6113026260322689,0.75,350,0.1
NaN,NaN,2515,2,100,0.2,0.6690000000000005,0.4089614568155882,0.6113026260322689,0.75,350,0.1
NaN,NaN,2515,2,100,0.2,0.6710000000000005,0.41018406206765273,0.6113026260322689,0.75,350,0.1
NaN,NaN,2515,2,100,0.2,0.6730000000000005,0.4114066673197173,0.6113026260322689,0.75,350,0.1
NaN,NaN,2515,2,100,0.2,0.6750000000000005,0.41262927257178184,0.6113026260322689,0.75,350,0.1
NaN,NaN,2515,2,100,0.2,0.6770000000000005,0.41385187782384636,0.6113026260322689,0.75,350,0.1
NaN,NaN,2515,2,100,0.2,0.6790000000000005,0.4150744830759109,0.6113026260322689,0.75,350,0.1
NaN,NaN,2515,2,100,0.2,0.6810000000000005,0.41629708832797546,0.6113026260322689,0.75,350,0.1
NaN,NaN,2515,2,100,0.2,0.6830000000000005,0.41751969358004,0.6113026260322689,0.75,350,0.1
NaN,NaN,2515,2,100,0.2,0.6850000000000005,0.4187422988321045,0.6113026260322689,0.75,350,0.1
NaN,NaN,2515,2,100,0.2,0.6870000000000005,0.41996490408416903,0.6113026260322689,0.75,350,0.1
NaN,NaN,2515,2,100,0.2,0.6890000000000005,0.4211875093362336,0.6113026260322689,0.75,350,0.1
NaN,NaN,2515,2,100,0.2,0.6910000000000005,0.42241011458829814,0.6113026260322689,0.75,350,0.1
NaN,NaN,2515,2,100,0.2,0.6930000000000005,0.42363271984036266,0.6113026260322689,0.75,350,0.1
NaN,NaN,2515,2,100,0.2,0.6950000000000005,0.42485532509242724,0.6113026260322689,0.75,350,0.1
NaN,NaN,2515,2,100,0.2,0.6970000000000005,0.42607793034449176,0.6113026260322689,0.75,350,0.1
NaN,NaN,2515,2,100,0.2,0.6990000000000005,0.4273005355965563,0.6113026260322689,0.75,350,0.1
NaN,NaN,2515,2,100,0.2,0.7010000000000005,0.4285231408486208,0.6113026260322689,0.75,350,0.1
NaN,NaN,2515,2,100,0.2,0.7030000000000005,0.4297457461006854,0.6113026260322689,0.75,350,0.1
NaN,NaN,2515,2,100,0.2,0.7050000000000005,0.4309683513527499,0.6113026260322689,0.75,350,0.1
NaN,NaN,2515,2,100,0.2,0.7070000000000005,0.43219095660481444,0.6113026260322689,0.75,350,0.1
NaN,NaN,2515,2,100,0.2,0.7090000000000005,0.43341356185687896,0.6113026260322689,0.75,350,0.1
NaN,NaN,2515,2,100,0.2,0.7110000000000005,0.43463616710894354,0.6113026260322689,0.75,350,0.1
NaN,NaN,2515,2,100,0.2,0.7130000000000005,0.43585877236100806,0.6113026260322689,0.75,350,0.1
NaN,NaN,2515,2,100,0.2,0.7150000000000005,0.4370813776130726,0.6113026260322689,0.75,350,0.1
NaN,NaN,2515,2,100,0.2,0.7170000000000005,0.43830398286513716,0.6113026260322689,0.75,350,0.1
NaN,NaN,2515,2,100,0.2,0.7190000000000005,0.4395265881172017,0.6113026260322689,0.75,350,0.1
NaN,NaN,2515,2,100,0.2,0.7210000000000005,0.4407491933692662,0.6113026260322689,0.75,350,0.1
NaN,NaN,2515,2,100,0.2,0.7230000000000005,0.44197179862133074,0.6113026260322689,0.75,350,0.1
NaN,NaN,2515,2,100,0.2,0.7250000000000005,0.4431944038733953,0.6113026260322689,0.75,350,0.1
NaN,NaN,2515,2,100,0.2,0.7270000000000005,0.44441700912545984,0.6113026260322689,0.75,350,0.1
NaN,NaN,2515,2,100,0.2,0.7290000000000005,0.44563961437752436,0.6113026260322689,0.75,350,0.1
NaN,NaN,2515,2,100,0.2,0.7310000000000005,0.4468622196295889,0.6113026260322689,0.75,350,0.1
NaN,NaN,2515,2,100,0.2,0.7330000000000005,0.44808482488165347,0.6113026260322689,0.75,350,0.1
NaN,NaN,2515,2,100,0.2,0.7350000000000005,0.449307430133718,0.6113026260322689,0.75,350,0.1
NaN,NaN,2515,2,100,0.2,0.7370000000000005,0.4505300353857825,0.6113026260322689,0.75,350,0.1
NaN,NaN,2515,2,100,0.2,0.7390000000000005,0.4517526406378471,0.6113026260322689,0.75,350,0.1
NaN,NaN,2515,2,100,0.2,0.7410000000000005,0.4529752458899116,0.6113026260322689,0.75,350,0.1
NaN,NaN,2515,2,100,0.2,0.7430000000000005,0.45419785114197614,0.6113026260322689,0.75,350,0.1
NaN,NaN,2515,2,100,0.2,0.7450000000000006,0.45542045639404066,0.6113026260322689,0.75,350,0.1
NaN,NaN,2515,2,100,0.2,0.7470000000000006,0.45664306164610524,0.6113026260322689,0.75,350,0.1
NaN,NaN,2515,2,100,0.2,0.7490000000000006,0.45786566689816977,0.6113026260322689,0.75,350,0.1
NaN,NaN,2515,2,100,0.2,0.7510000000000006,0.4590882721502343,0.6113026260322689,0.75,350,0.1
NaN,NaN,2515,2,100,0.2,0.7530000000000006,0.46031087740229887,0.6113026260322689,0.75,350,0.1
NaN,NaN,2515,2,100,0.2,0.7550000000000006,0.4615334826543634,0.6113026260322689,0.75,350,0.1
NaN,NaN,2515,2,100,0.2,0.7570000000000006,0.4627560879064279,0.6113026260322689,0.75,350,0.1
NaN,NaN,2515,2,100,0.2,0.7590000000000006,0.46397869315849244,0.6113026260322689,0.75,350,0.1
NaN,NaN,2515,2,100,0.2,0.7610000000000006,0.465201298410557,0.6113026260322689,0.75,350,0.1
NaN,NaN,2515,2,100,0.2,0.7630000000000006,0.46642390366262154,0.6113026260322689,0.75,350,0.1
NaN,NaN,2515,2,100,0.2,0.7650000000000006,0.46764650891468607,0.6113026260322689,0.75,350,0.1
NaN,NaN,2515,2,100,0.2,0.7670000000000006,0.4688691141667506,0.6113026260322689,0.75,350,0.1
NaN,NaN,2515,2,100,0.2,0.7690000000000006,0.47009171941881517,0.6113026260322689,0.75,350,0.1
NaN,NaN,2515,2,100,0.2,0.7710000000000006,0.4713143246708797,0.6113026260322689,0.75,350,0.1
NaN,NaN,2515,2,100,0.2,0.7730000000000006,0.4725369299229442,0.6113026260322689,0.75,350,0.1
NaN,NaN,2515,2,100,0.2,0.7750000000000006,0.4737595351750088,0.6113026260322689,0.75,350,0.1
NaN,NaN,2515,2,100,0.2,0.7770000000000006,0.4749821404270733,0.6113026260322689,0.75,350,0.1
NaN,NaN,2515,2,100,0.2,0.7790000000000006,0.47620474567913784,0.6113026260322689,0.75,350,0.1
NaN,NaN,2515,2,100,0.2,0.7810000000000006,0.47742735093120237,0.6113026260322689,0.75,350,0.1
NaN,NaN,2515,2,100,0.2,0.7830000000000006,0.47864995618326694,0.6113026260322689,0.75,350,0.1
NaN,NaN,2515,2,100,0.2,0.7850000000000006,0.47987256143533147,0.6113026260322689,0.75,350,0.1
NaN,NaN,2515,2,100,0.2,0.7870000000000006,0.481095166687396,0.6113026260322689,0.75,350,0.1
NaN,NaN,2515,2,100,0.2,0.7890000000000006,0.4823177719394605,0.6113026260322689,0.75,350,0.1
NaN,NaN,2515,2,100,0.2,0.7910000000000006,0.4835403771915251,0.6113026260322689,0.75,350,0.1
NaN,NaN,2515,2,100,0.2,0.7930000000000006,0.4847629824435896,0.6113026260322689,0.75,350,0.1
NaN,NaN,2515,2,100,0.2,0.7950000000000006,0.48598558769565414,0.6113026260322689,0.75,350,0.1
NaN,NaN,2515,2,100,0.2,0.7970000000000006,0.4872081929477187,0.6113026260322689,0.75,350,0.1
NaN,NaN,2515,2,100,0.2,0.7990000000000006,0.48843079819978324,0.6113026260322689,0.75,350,0.1
NaN,NaN,2515,2,100,0.2,0.8010000000000006,0.48965340345184777,0.6113026260322689,0.75,350,0.1
NaN,NaN,2515,2,100,0.2,0.8030000000000006,0.4908760087039123,0.6113026260322689,0.75,350,0.1
NaN,NaN,2515,2,100,0.2,0.8050000000000006,0.49209861395597687,0.6113026260322689,0.75,350,0.1
NaN,NaN,2515,2,100,0.2,0.8070000000000006,0.4933212192080414,0.6113026260322689,0.75,350,0.1
NaN,NaN,2515,2,100,0.2,0.8090000000000006,0.4945438244601059,0.6113026260322689,0.75,350,0.1
NaN,NaN,2515,2,100,0.2,0.8110000000000006,0.4957664297121705,0.6113026260322689,0.75,350,0.1
NaN,NaN,2515,2,100,0.2,0.8130000000000006,0.496989034964235,0.6113026260322689,0.75,350,0.1
NaN,NaN,2515,2,100,0.2,0.8150000000000006,0.49821164021629954,0.6113026260322689,0.75,350,0.1
NaN,NaN,2515,2,100,0.2,0.8170000000000006,0.49943424546836407,0.6113026260322689,0.75,350,0.1
NaN,NaN,2515,2,100,0.2,0.8190000000000006,0.5006568507204286,0.6113026260322689,0.75,350,0.1
NaN,NaN,2515,2,100,0.2,0.8210000000000006,0.5018794559724932,0.6113026260322689,0.75,350,0.1
NaN,NaN,2515,2,100,0.2,0.8230000000000006,0.5031020612245577,0.6113026260322689,0.75,350,0.1
NaN,NaN,2515,2,100,0.2,0.8250000000000006,0.5043246664766222,0.6113026260322689,0.75,350,0.1
NaN,NaN,2515,2,100,0.2,0.8270000000000006,0.5055472717286867,0.6113026260322689,0.75,350,0.1
NaN,NaN,2515,2,100,0.2,0.8290000000000006,0.5067698769807513,0.6113026260322689,0.75,350,0.1
NaN,NaN,2515,2,100,0.2,0.8310000000000006,0.5079924822328159,0.6113026260322689,0.75,350,0.1
NaN,NaN,2515,2,100,0.2,0.8330000000000006,0.5092150874848804,0.6113026260322689,0.75,350,0.1
NaN,NaN,2515,2,100,0.2,0.8350000000000006,0.510437692736945,0.6113026260322689,0.75,350,0.1
NaN,NaN,2515,2,100,0.2,0.8370000000000006,0.5116602979890095,0.6113026260322689,0.75,350,0.1
NaN,NaN,2515,2,100,0.2,0.8390000000000006,0.512882903241074,0.6113026260322689,0.75,350,0.1
NaN,NaN,2515,2,100,0.2,0.8410000000000006,0.5141055084931385,0.6113026260322689,0.75,350,0.1
NaN,NaN,2515,2,100,0.2,0.8430000000000006,0.515328113745203,0.6113026260322689,0.75,350,0.1
NaN,NaN,2515,2,100,0.2,0.8450000000000006,0.5165507189972677,0.6113026260322689,0.75,350,0.1
NaN,NaN,2515,2,100,0.2,0.8470000000000006,0.5177733242493322,0.6113026260322689,0.75,350,0.1
NaN,NaN,2515,2,100,0.2,0.8490000000000006,0.5189959295013967,0.6113026260322689,0.75,350,0.1
NaN,NaN,2515,2,100,0.2,0.8510000000000006,0.5202185347534612,0.6113026260322689,0.75,350,0.1
NaN,NaN,2515,2,100,0.2,0.8530000000000006,0.5214411400055258,0.6113026260322689,0.75,350,0.1
NaN,NaN,2515,2,100,0.2,0.8550000000000006,0.5226637452575903,0.6113026260322689,0.75,350,0.1
NaN,NaN,2515,2,100,0.2,0.8570000000000007,0.5238863505096548,0.6113026260322689,0.75,350,0.1
NaN,NaN,2515,2,100,0.2,0.8590000000000007,0.5251089557617195,0.6113026260322689,0.75,350,0.1
NaN,NaN,2515,2,100,0.2,0.8610000000000007,0.526331561013784,0.6113026260322689,0.75,350,0.1
NaN,NaN,2515,2,100,0.2,0.8630000000000007,0.5275541662658485,0.6113026260322689,0.75,350,0.1
NaN,NaN,2515,2,100,0.2,0.8650000000000007,0.528776771517913,0.6113026260322689,0.75,350,0.1
NaN,NaN,2515,2,100,0.2,0.8670000000000007,0.5299993767699775,0.6113026260322689,0.75,350,0.1
NaN,NaN,2515,2,100,0.2,0.8690000000000007,0.5312219820220421,0.6113026260322689,0.75,350,0.1
NaN,NaN,2515,2,100,0.2,0.8710000000000007,0.5324445872741066,0.6113026260322689,0.75,350,0.1
NaN,NaN,2515,2,100,0.2,0.8730000000000007,0.5336671925261712,0.6113026260322689,0.75,350,0.1
NaN,NaN,2515,2,100,0.2,0.8750000000000007,0.5348897977782358,0.6113026260322689,0.75,350,0.1
NaN,NaN,2515,2,100,0.2,0.8770000000000007,0.5361124030303003,0.6113026260322689,0.75,350,0.1
NaN,NaN,2515,2,100,0.2,0.8790000000000007,0.5373350082823648,0.6113026260322689,0.75,350,0.1
NaN,NaN,2515,2,100,0.2,0.8810000000000007,0.5385576135344293,0.6113026260322689,0.75,350,0.1
NaN,NaN,2515,2,100,0.2,0.8830000000000007,0.5397802187864938,0.6113026260322689,0.75,350,0.1
NaN,NaN,2515,2,100,0.2,0.8850000000000007,0.5410028240385584,0.6113026260322689,0.75,350,0.1
NaN,NaN,2515,2,100,0.2,0.8870000000000007,0.5422254292906229,0.6113026260322689,0.75,350,0.1
NaN,NaN,2515,2,100,0.2,0.8890000000000007,0.5434480345426875,0.6113026260322689,0.75,350,0.1
NaN,NaN,2515,2,100,0.2,0.8910000000000007,0.544670639794752,0.6113026260322689,0.75,350,0.1
NaN,NaN,2515,2,100,0.2,0.8930000000000007,0.5458932450468166,0.6113026260322689,0.75,350,0.1
NaN,NaN,2515,2,100,0.2,0.8950000000000007,0.5471158502988811,0.6113026260322689,0.75,350,0.1
NaN,NaN,2515,2,100,0.2,0.8970000000000007,0.5483384555509456,0.6113026260322689,0.75,350,0.1
NaN,NaN,2515,2,100,0.2,0.8990000000000007,0.5495610608030101,0.6113026260322689,0.75,350,0.1
NaN,NaN,2515,2,100,0.2,0.9010000000000007,0.5507836660550747,0.6113026260322689,0.75,350,0.1
NaN,NaN,2515,2,100,0.2,0.9030000000000007,0.5520062713071393,0.6113026260322689,0.75,350,0.1
NaN,NaN,2515,2,100,0.2,0.9050000000000007,0.5532288765592038,0.6113026260322689,0.75,350,0.1
NaN,NaN,2515,2,100,0.2,0.9070000000000007,0.5544514818112684,0.6113026260322689,0.75,350,0.1
NaN,NaN,2515,2,100,0.2,0.9090000000000007,0.5556740870633329,0.6113026260322689,0.75,350,0.1
NaN,NaN,2515,2,100,0.2,0.9110000000000007,0.5568966923153974,0.6113026260322689,0.75,350,0.1
NaN,NaN,2515,2,100,0.2,0.9130000000000007,0.5581192975674619,0.6113026260322689,0.75,350,0.1
NaN,NaN,2515,2,100,0.2,0.9150000000000007,0.5593419028195264,0.6113026260322689,0.75,350,0.1
NaN,NaN,2515,2,100,0.2,0.9170000000000007,0.5605645080715911,0.6113026260322689,0.75,350,0.1
NaN,NaN,2515,2,100,0.2,0.9190000000000007,0.5617871133236556,0.6113026260322689,0.75,350,0.1
NaN,NaN,2515,2,100,0.2,0.9210000000000007,0.5630097185757201,0.6113026260322689,0.75,350,0.1
NaN,NaN,2515,2,100,0.2,0.9230000000000007,0.5642323238277847,0.6113026260322689,0.75,350,0.1
NaN,NaN,2515,2,100,0.2,0.9250000000000007,0.5654549290798492,0.6113026260322689,0.75,350,0.1
NaN,NaN,2515,2,100,0.2,0.9270000000000007,0.5666775343319137,0.6113026260322689,0.75,350,0.1
NaN,NaN,2515,2,100,0.2,0.9290000000000007,0.5679001395839782,0.6113026260322689,0.75,350,0.1
NaN,NaN,2515,2,100,0.2,0.9310000000000007,0.5691227448360429,0.6113026260322689,0.75,350,0.1
NaN,NaN,2515,2,100,0.2,0.9330000000000007,0.5703453500881074,0.6113026260322689,0.75,350,0.1
NaN,NaN,2515,2,100,0.2,0.9350000000000007,0.5715679553401719,0.6113026260322689,0.75,350,0.1
NaN,NaN,2515,2,100,0.2,0.9370000000000007,0.5727905605922364,0.6113026260322689,0.75,350,0.1
NaN,NaN,2515,2,100,0.2,0.9390000000000007,0.574013165844301,0.6113026260322689,0.75,350,0.1
NaN,NaN,2515,2,100,0.2,0.9410000000000007,0.5752357710963655,0.6113026260322689,0.75,350,0.1
NaN,NaN,2515,2,100,0.2,0.9430000000000007,0.57645837634843,0.6113026260322689,0.75,350,0.1
NaN,NaN,2515,2,100,0.2,0.9450000000000007,0.5776809816004945,0.6113026260322689,0.75,350,0.1
NaN,NaN,2515,2,100,0.2,0.9470000000000007,0.5789035868525592,0.6113026260322689,0.75,350,0.1
NaN,NaN,2515,2,100,0.2,0.9490000000000007,0.5801261921046237,0.6113026260322689,0.75,350,0.1
NaN,NaN,2515,2,100,0.2,0.9510000000000007,0.5813487973566882,0.6113026260322689,0.75,350,0.1
NaN,NaN,2515,2,100,0.2,0.9530000000000007,0.5825714026087527,0.6113026260322689,0.75,350,0.1
NaN,NaN,2515,2,100,0.2,0.9550000000000007,0.5837940078608173,0.6113026260322689,0.75,350,0.1
NaN,NaN,2515,2,100,0.2,0.9570000000000007,0.5850166131128818,0.6113026260322689,0.75,350,0.1
NaN,NaN,2515,2,100,0.2,0.9590000000000007,0.5862392183649463,0.6113026260322689,0.75,350,0.1
NaN,NaN,2515,2,100,0.2,0.9610000000000007,0.5874618236170109,0.6113026260322689,0.75,350,0.1
NaN,NaN,2515,2,100,0.2,0.9630000000000007,0.5886844288690755,0.6113026260322689,0.75,350,0.1
NaN,NaN,2515,2,100,0.2,0.9650000000000007,0.58990703412114,0.6113026260322689,0.75,350,0.1
NaN,NaN,2515,2,100,0.2,0.9670000000000007,0.5911296393732045,0.6113026260322689,0.75,350,0.1
NaN,NaN,2515,2,100,0.2,0.9690000000000007,0.592352244625269,0.6113026260322689,0.75,350,0.1
NaN,NaN,2515,2,100,0.2,0.9710000000000008,0.5935748498773336,0.6113026260322689,0.75,350,0.1
NaN,NaN,2515,2,100,0.2,0.9730000000000008,0.5947974551293981,0.6113026260322689,0.75,350,0.1
NaN,NaN,2515,2,100,0.2,0.9750000000000008,0.5960200603814627,0.6113026260322689,0.75,350,0.1
NaN,NaN,2515,2,100,0.2,0.9770000000000008,0.5972426656335272,0.6113026260322689,0.75,350,0.1
NaN,NaN,2515,2,100,0.2,0.9790000000000008,0.5984652708855918,0.6113026260322689,0.75,350,0.1
NaN,NaN,2515,2,100,0.2,0.9810000000000008,0.5996878761376563,0.6113026260322689,0.75,350,0.1
NaN,NaN,2515,2,100,0.2,0.9830000000000008,0.6009104813897208,0.6113026260322689,0.75,350,0.1
NaN,NaN,2515,2,100,0.2,0.9850000000000008,0.6021330866417853,0.6113026260322689,0.75,350,0.1
NaN,NaN,2515,2,100,0.2,0.9870000000000008,0.6033556918938499,0.6113026260322689,0.75,350,0.1
NaN,NaN,2515,2,100,0.2,0.9890000000000008,0.6045782971459145,0.6113026260322689,0.75,350,0.1
NaN,NaN,2515,2,100,0.2,0.9910000000000008,0.605800902397979,0.6113026260322689,0.75,350,0.1
NaN,NaN,2515,2,100,0.2,0.9930000000000008,0.6070235076500435,0.6113026260322689,0.75,350,0.1
NaN,NaN,2515,2,100,0.2,0.9950000000000008,0.6082461129021081,0.6113026260322689,0.75,350,0.1
NaN,NaN,2515,2,100,0.2,0.9970000000000008,0.6094687181541726,0.6113026260322689,0.75,350,0.1
NaN,NaN,2515,2,100,0.2,0.9990000000000008,0.6106913234062371,0.6113026260322689,0.75,350,0.1
