0.019886400883028003,99.83649370523376,7195,4,100,0.2,0.005,0.004887240104266028,0.9774480208532057,0.75,350,0.1
0.02237230048329226,99.60252770590473,7195,4,100,0.2,0.007,0.00684213614597244,0.9774480208532057,0.75,350,0.1
0.022514897931216384,99.36276122139729,7195,4,100,0.2,0.009000000000000001,0.008797032187678853,0.9774480208532057,0.75,350,0.1
0.02375367088435653,99.11829463698348,7195,4,100,0.2,0.011000000000000001,0.010751928229385263,0.9774480208532057,0.75,350,0.1
0.021546037926175397,99.34203352583508,7195,4,100,0.2,0.013000000000000001,0.012706824271091675,0.9774480208532057,0.75,350,0.1
0.02210354206804492,99.2653497857184,7195,4,100,0.2,0.015000000000000001,0.014661720312798087,0.9774480208532057,0.75,350,0.1
0.020309093794391397,100.08804756268775,7195,4,100,0.2,0.017,0.0166166163545045,0.9774480208532057,0.75,350,0.1
0.020995286732780918,98.65768995955078,7195,4,100,0.2,0.019000000000000003,0.01857151239621091,0.9774480208532057,0.75,350,0.1
0.02139331003387279,99.93004988098328,7195,4,100,0.2,0.021000000000000005,0.020526408437917323,0.9774480208532057,0.75,350,0.1
0.020427189938417807,99.55983719551668,7195,4,100,0.2,0.023000000000000007,0.022481304479623737,0.9774480208532057,0.75,350,0.1
0.022368997248324255,100.28727190502906,7195,4,100,0.2,0.02500000000000001,0.02443620052133015,0.9774480208532057,0.75,350,0.1
0.020832142736117328,100.35963658721857,7195,4,100,0.2,0.02700000000000001,0.026391096563036565,0.9774480208532057,0.75,350,0.1
0.019892437690308063,99.85595965653252,7195,4,100,0.2,0.029000000000000012,0.02834599260474298,0.9774480208532057,0.75,350,0.1
0.020836428613021513,99.59171076953179,7195,4,100,0.2,0.031000000000000014,0.03030088864644939,0.9774480208532057,0.75,350,0.1
0.021121484309934456,99.08353803931115,7195,4,100,0.2,0.033000000000000015,0.032255784688155806,0.9774480208532057,0.75,350,0.1
0.021958581667453927,99.59626603029271,7195,4,100,0.2,0.03500000000000002,0.03421068072986222,0.9774480208532057,0.75,350,0.1
0.0221038089162662,98.385480361886,7195,4,100,0.2,0.03700000000000002,0.036165576771568626,0.9774480208532057,0.75,350,0.1
0.021542492522634075,99.18895869203536,7195,4,100,0.2,0.03900000000000002,0.03812047281327504,0.9774480208532057,0.75,350,0.1
0.021827534449961116,100.35696168003919,7195,4,100,0.2,0.04100000000000002,0.040075368854981454,0.9774480208532057,0.75,350,0.1
0.020428887963670133,99.02798874264772,7195,4,100,0.2,0.043000000000000024,0.04203026489668787,0.9774480208532057,0.75,350,0.1
0.021975519397562003,99.20306607251187,7195,4,100,0.2,0.045000000000000026,0.04398516093839428,0.9774480208532057,0.75,350,0.1
0.01863835806164104,99.93223317604607,7195,4,100,0.2,0.04700000000000003,0.045940056980100695,0.9774480208532057,0.75,350,0.1
0.0184871373678229,100.81367065593328,7195,4,100,0.2,0.04900000000000003,0.04789495302180711,0.9774480208532057,0.75,350,0.1
0.01947092632290587,99.48335162899842,7195,4,100,0.2,0.05100000000000003,0.04984984906351352,0.9774480208532057,0.75,350,0.1
0.021328359813026485,99.20293138078497,7195,4,100,0.2,0.05300000000000003,0.051804745105219936,0.9774480208532057,0.75,350,0.1
0.018871118059530918,99.81475280135776,7195,4,100,0.2,0.055000000000000035,0.05375964114692635,0.9774480208532057,0.75,350,0.1
0.018146710833246697,100.53438351297679,7195,4,100,0.2,0.05700000000000004,0.055714537188632764,0.9774480208532057,0.75,350,0.1
0.022183145789352217,99.91080724977003,7195,4,100,0.2,0.05900000000000004,0.05766943323033918,0.9774480208532057,0.75,350,0.1
0.02151959615311508,98.86170078949732,7195,4,100,0.2,0.06100000000000004,0.059624329272045584,0.9774480208532057,0.75,350,0.1
0.02124567800028008,98.59674837760139,7195,4,100,0.2,0.06300000000000004,0.061579225313752,0.9774480208532057,0.75,350,0.1
0.024195836291519772,99.4044514645839,7195,4,100,0.2,0.06500000000000004,0.06353412135545841,0.9774480208532057,0.75,350,0.1
0.02270428747753238,98.67550178991739,7195,4,100,0.2,0.06700000000000005,0.06548901739716483,0.9774480208532057,0.75,350,0.1
0.02526624509013717,98.65694828029082,7195,4,100,0.2,0.06900000000000005,0.06744391343887124,0.9774480208532057,0.75,350,0.1
0.0267218861795467,98.75593266194593,7195,4,100,0.2,0.07100000000000005,0.06939880948057765,0.9774480208532057,0.75,350,0.1
0.02555184271403936,99.32265742561327,7195,4,100,0.2,0.07300000000000005,0.07135370552228407,0.9774480208532057,0.75,350,0.1
0.03298148761564366,99.46825691646103,7195,4,100,0.2,0.07500000000000005,0.07330860156399048,0.9774480208532057,0.75,350,0.1
0.034979263344577724,99.90604896879623,7195,4,100,0.2,0.07700000000000005,0.0752634976056969,0.9774480208532057,0.75,350,0.1
0.03800521079355756,99.46483805997212,7195,4,100,0.2,0.07900000000000006,0.07721839364740331,0.9774480208532057,0.75,350,0.1
0.0465884314150958,99.17402557453482,7195,4,100,0.2,0.08100000000000006,0.07917328968910972,0.9774480208532057,0.75,350,0.1
0.06051206729215286,97.77643242970662,7195,4,100,0.2,0.08300000000000006,0.08112818573081614,0.9774480208532057,0.75,350,0.1
0.06611309742195491,98.05331586838703,7195,4,100,0.2,0.08500000000000006,0.08308308177252255,0.9774480208532057,0.75,350,0.1
0.08138146591572962,98.83929071366326,7195,4,100,0.2,0.08700000000000006,0.08503797781422896,0.9774480208532057,0.75,350,0.1
0.09556551839251748,99.0178909159099,7195,4,100,0.2,0.08900000000000007,0.08699287385593538,0.9774480208532057,0.75,350,0.1
0.10950342049731866,98.97287474661303,7195,4,100,0.2,0.09100000000000007,0.08894776989764179,0.9774480208532057,0.75,350,0.1
0.13326596540009825,98.5359972102272,7195,4,100,0.2,0.09300000000000007,0.0909026659393482,0.9774480208532057,0.75,350,0.1
0.16243077507728723,98.21790526380269,7195,4,100,0.2,0.09500000000000007,0.0928575619810546,0.9774480208532057,0.75,350,0.1
0.18960753215288317,97.79026390373117,7195,4,100,0.2,0.09700000000000007,0.09481245802276102,0.9774480208532057,0.75,350,0.1
0.2225487758339788,97.75784617324793,7195,4,100,0.2,0.09900000000000007,0.09676735406446743,0.9774480208532057,0.75,350,0.1
0.2573847758174969,95.92632858981838,7195,4,100,0.2,0.10100000000000008,0.09872225010617384,0.9774480208532057,0.75,350,0.1
0.2890653384444506,95.787379752528,7195,4,100,0.2,0.10300000000000008,0.10067714614788026,0.9774480208532057,0.75,350,0.1
0.33440964403634843,93.3978085984314,7195,4,100,0.2,0.10500000000000008,0.10263204218958667,0.9774480208532057,0.75,350,0.1
0.38549524813357955,93.85419414375156,7195,4,100,0.2,0.10700000000000008,0.10458693823129309,0.9774480208532057,0.75,350,0.1
0.4105914912924275,90.48862394827827,7195,4,100,0.2,0.10900000000000008,0.1065418342729995,0.9774480208532057,0.75,350,0.1
0.44569135502743523,91.25445208909578,7195,4,100,0.2,0.11100000000000008,0.10849673031470591,0.9774480208532057,0.75,350,0.1
0.480493675904194,88.48564002758451,7195,4,100,0.2,0.11300000000000009,0.11045162635641233,0.9774480208532057,0.75,350,0.1
0.5154315911828227,89.52498177358929,7195,4,100,0.2,0.11500000000000009,0.11240652239811874,0.9774480208532057,0.75,350,0.1
0.5290032613577696,87.40902788017861,7195,4,100,0.2,0.11700000000000009,0.11436141843982515,0.9774480208532057,0.75,350,0.1
0.567004752109512,84.26447738899743,7195,4,100,0.2,0.11900000000000009,0.11631631448153157,0.9774480208532057,0.75,350,0.1
0.5869783370942482,84.65986405051947,7195,4,100,0.2,0.1210000000000001,0.11827121052323798,0.9774480208532057,0.75,350,0.1
0.5969076024485244,85.0442079343062,7195,4,100,0.2,0.1230000000000001,0.1202261065649444,0.9774480208532057,0.75,350,0.1
0.6054775667217852,84.21858252131055,7195,4,100,0.2,0.12500000000000008,0.1221810026066508,0.9774480208532057,0.75,350,0.1
0.6281416526304675,82.8386397760415,7195,4,100,0.2,0.12700000000000009,0.12413589864835721,0.9774480208532057,0.75,350,0.1
0.6443989387452423,81.44791910967403,7195,4,100,0.2,0.1290000000000001,0.12609079469006362,0.9774480208532057,0.75,350,0.1
0.6346913692476227,80.5724098648626,7195,4,100,0.2,0.1310000000000001,0.12804569073177002,0.9774480208532057,0.75,350,0.1
0.6544716891994361,79.5544804355201,7195,4,100,0.2,0.1330000000000001,0.13000058677347645,0.9774480208532057,0.75,350,0.1
0.6618194852604499,78.84000364484903,7195,4,100,0.2,0.1350000000000001,0.13195548281518285,0.9774480208532057,0.75,350,0.1
0.6702554492196134,78.39423293026522,7195,4,100,0.2,0.1370000000000001,0.13391037885688928,0.9774480208532057,0.75,350,0.1
0.6774446129957049,77.64379966155059,7195,4,100,0.2,0.1390000000000001,0.13586527489859568,0.9774480208532057,0.75,350,0.1
0.6694841070556047,76.4666295890887,7195,4,100,0.2,0.1410000000000001,0.1378201709403021,0.9774480208532057,0.75,350,0.1
0.6813192765502746,74.5466702275939,7195,4,100,0.2,0.1430000000000001,0.1397750669820085,0.9774480208532057,0.75,350,0.1
0.6964857761931899,76.20332211935184,7195,4,100,0.2,0.1450000000000001,0.14172996302371493,0.9774480208532057,0.75,350,0.1
0.7055747336357995,74.81369064024315,7195,4,100,0.2,0.1470000000000001,0.14368485906542133,0.9774480208532057,0.75,350,0.1
0.7082587495330739,74.16135796234072,7195,4,100,0.2,0.1490000000000001,0.14563975510712776,0.9774480208532057,0.75,350,0.1
0.7138097686879401,74.28942577428197,7195,4,100,0.2,0.1510000000000001,0.14759465114883416,0.9774480208532057,0.75,350,0.1
0.7077921679716945,73.56319651734934,7195,4,100,0.2,0.1530000000000001,0.1495495471905406,0.9774480208532057,0.75,350,0.1
0.719340734730232,72.50051979827225,7195,4,100,0.2,0.1550000000000001,0.151504443232247,0.9774480208532057,0.75,350,0.1
0.7240414289390759,71.37422150867305,7195,4,100,0.2,0.1570000000000001,0.15345933927395342,0.9774480208532057,0.75,350,0.1
0.7255632996270006,69.3392814213856,7195,4,100,0.2,0.1590000000000001,0.15541423531565982,0.9774480208532057,0.75,350,0.1
0.7299339214617168,71.95493131181769,7195,4,100,0.2,0.16100000000000012,0.15736913135736624,0.9774480208532057,0.75,350,0.1
0.7307918897635002,68.70770672565614,7195,4,100,0.2,0.16300000000000012,0.15932402739907264,0.9774480208532057,0.75,350,0.1
0.7327690968338518,69.51819009322503,7195,4,100,0.2,0.16500000000000012,0.16127892344077907,0.9774480208532057,0.75,350,0.1
0.7466912349737288,68.2153732608644,7195,4,100,0.2,0.16700000000000012,0.16323381948248547,0.9774480208532057,0.75,350,0.1
0.76364069005517,69.49889492466272,7195,4,100,0.2,0.16900000000000012,0.16518871552419187,0.9774480208532057,0.75,350,0.1
0.7535866560617847,68.04361970294404,7195,4,100,0.2,0.17100000000000012,0.1671436115658983,0.9774480208532057,0.75,350,0.1
0.7601357646661121,68.22114304761733,7195,4,100,0.2,0.17300000000000013,0.1690985076076047,0.9774480208532057,0.75,350,0.1
0.7898936223495421,65.88460744257472,7195,4,100,0.2,0.17500000000000013,0.17105340364931113,0.9774480208532057,0.75,350,0.1
0.783410318005286,65.70650472947584,7195,4,100,0.2,0.17700000000000013,0.17300829969101753,0.9774480208532057,0.75,350,0.1
0.7899549040833894,64.4949120557777,7195,4,100,0.2,0.17900000000000013,0.17496319573272395,0.9774480208532057,0.75,350,0.1
0.8046504385798682,64.3227815781872,7195,4,100,0.2,0.18100000000000013,0.17691809177443035,0.9774480208532057,0.75,350,0.1
0.8022210021694564,62.876872884190114,7195,4,100,0.2,0.18300000000000013,0.17887298781613678,0.9774480208532057,0.75,350,0.1
0.8127043798675507,63.12515101604446,7195,4,100,0.2,0.18500000000000014,0.18082788385784318,0.9774480208532057,0.75,350,0.1
0.8145603165806736,63.38773497140573,7195,4,100,0.2,0.18700000000000014,0.1827827798995496,0.9774480208532057,0.75,350,0.1
0.8249228514517164,61.85565566645253,7195,4,100,0.2,0.18900000000000014,0.184737675941256,0.9774480208532057,0.75,350,0.1
0.8360303674930849,62.17759488496408,7195,4,100,0.2,0.19100000000000014,0.18669257198296244,0.9774480208532057,0.75,350,0.1
0.823486604146739,61.26280103733802,7195,4,100,0.2,0.19300000000000014,0.18864746802466884,0.9774480208532057,0.75,350,0.1
0.8319993403338143,61.07757971487083,7195,4,100,0.2,0.19500000000000015,0.19060236406637526,0.9774480208532057,0.75,350,0.1
0.8516600329055383,60.76271563378927,7195,4,100,0.2,0.19700000000000015,0.19255726010808166,0.9774480208532057,0.75,350,0.1
0.8658101308101558,60.21848407501806,7195,4,100,0.2,0.19900000000000015,0.1945121561497881,0.9774480208532057,0.75,350,0.1
0.8677292754069582,59.40900136814838,7195,4,100,0.2,0.20100000000000015,0.1964670521914945,0.9774480208532057,0.75,350,0.1
0.8892340090666254,59.01954935068258,7195,4,100,0.2,0.20300000000000015,0.19842194823320092,0.9774480208532057,0.75,350,0.1
0.8911213404788538,58.04540207257297,7195,4,100,0.2,0.20500000000000015,0.20037684427490732,0.9774480208532057,0.75,350,0.1
0.913272982230413,57.53109540740414,7195,4,100,0.2,0.20700000000000016,0.20233174031661375,0.9774480208532057,0.75,350,0.1
0.9032531466973467,58.406778356975636,7195,4,100,0.2,0.20900000000000016,0.20428663635832015,0.9774480208532057,0.75,350,0.1
0.9160519876904588,57.093561649312896,7195,4,100,0.2,0.21100000000000016,0.20624153240002657,0.9774480208532057,0.75,350,0.1
0.9118617804321703,57.569374080238966,7195,4,100,0.2,0.21300000000000016,0.20819642844173297,0.9774480208532057,0.75,350,0.1
0.9301021306773992,56.91366798904906,7195,4,100,0.2,0.21500000000000016,0.21015132448343937,0.9774480208532057,0.75,350,0.1
0.9424915511973637,56.521762870826024,7195,4,100,0.2,0.21700000000000016,0.2121062205251458,0.9774480208532057,0.75,350,0.1
0.9478208261384212,56.01022597507246,7195,4,100,0.2,0.21900000000000017,0.2140611165668522,0.9774480208532057,0.75,350,0.1
0.9486356666545332,56.417336526710656,7195,4,100,0.2,0.22100000000000017,0.21601601260855863,0.9774480208532057,0.75,350,0.1
0.9553407075589467,55.24262363812379,7195,4,100,0.2,0.22300000000000017,0.21797090865026503,0.9774480208532057,0.75,350,0.1
0.9627824249546519,54.19236028043937,7195,4,100,0.2,0.22500000000000017,0.21992580469197145,0.9774480208532057,0.75,350,0.1
0.9709278099011545,55.32800466843364,7195,4,100,0.2,0.22700000000000017,0.22188070073367785,0.9774480208532057,0.75,350,0.1
0.9867172219712872,54.66580294362586,7195,4,100,0.2,0.22900000000000018,0.22383559677538428,0.9774480208532057,0.75,350,0.1
0.987112224804726,54.15599651940767,7195,4,100,0.2,0.23100000000000018,0.22579049281709068,0.9774480208532057,0.75,350,0.1
0.9923907373162278,53.26117696974725,7195,4,100,0.2,0.23300000000000018,0.2277453888587971,0.9774480208532057,0.75,350,0.1
1.006056725089046,53.4186974935745,7195,4,100,0.2,0.23500000000000018,0.2297002849005035,0.9774480208532057,0.75,350,0.1
1.0247506942626585,54.613569420765565,7195,4,100,0.2,0.23700000000000018,0.23165518094220994,0.9774480208532057,0.75,350,0.1
0.9985942762135719,53.128838957553036,7195,4,100,0.2,0.23900000000000018,0.23361007698391634,0.9774480208532057,0.75,350,0.1
1.0176374512305923,52.211297499249156,7195,4,100,0.2,0.2410000000000002,0.23556497302562276,0.9774480208532057,0.75,350,0.1
1.021467856414333,53.746811221278634,7195,4,100,0.2,0.2430000000000002,0.23751986906732916,0.9774480208532057,0.75,350,0.1
1.0426520625121651,51.1192689638441,7195,4,100,0.2,0.2450000000000002,0.2394747651090356,0.9774480208532057,0.75,350,0.1
1.0257579422337326,52.8160842638832,7195,4,100,0.2,0.2470000000000002,0.241429661150742,0.9774480208532057,0.75,350,0.1
1.0139555223653343,50.737677452275136,7195,4,100,0.2,0.2490000000000002,0.24338455719244842,0.9774480208532057,0.75,350,0.1
1.036603368757564,51.63800282845154,7195,4,100,0.2,0.25100000000000017,0.2453394532341548,0.9774480208532057,0.75,350,0.1
1.0696895407388816,52.160384988085035,7195,4,100,0.2,0.25300000000000017,0.24729434927586122,0.9774480208532057,0.75,350,0.1
1.0376708509789883,50.36738482814943,7195,4,100,0.2,0.25500000000000017,0.24924924531756762,0.9774480208532057,0.75,350,0.1
1.0535863674898043,50.40232085835704,7195,4,100,0.2,0.2570000000000002,0.25120414135927405,0.9774480208532057,0.75,350,0.1
1.0588191327712606,51.57676885209617,7195,4,100,0.2,0.2590000000000002,0.25315903740098045,0.9774480208532057,0.75,350,0.1
1.022860731348039,50.79650014168528,7195,4,100,0.2,0.2610000000000002,0.25511393344268685,0.9774480208532057,0.75,350,0.1
1.0638221758400506,50.59448750273388,7195,4,100,0.2,0.2630000000000002,0.25706882948439325,0.9774480208532057,0.75,350,0.1
1.0723415131264804,51.43475096081322,7195,4,100,0.2,0.2650000000000002,0.2590237255260997,0.9774480208532057,0.75,350,0.1
1.0759371228611736,50.62265287974354,7195,4,100,0.2,0.2670000000000002,0.2609786215678061,0.9774480208532057,0.75,350,0.1
1.040216916073467,50.09420550506773,7195,4,100,0.2,0.2690000000000002,0.2629335176095125,0.9774480208532057,0.75,350,0.1
1.043578810067434,50.66272913737406,7195,4,100,0.2,0.2710000000000002,0.2648884136512189,0.9774480208532057,0.75,350,0.1
1.0555917996507125,50.589926923030085,7195,4,100,0.2,0.2730000000000002,0.26684330969292536,0.9774480208532057,0.75,350,0.1
1.0831974120148393,51.223509497563654,7195,4,100,0.2,0.2750000000000002,0.26879820573463176,0.9774480208532057,0.75,350,0.1
1.069694883077418,50.64435274844628,7195,4,100,0.2,0.2770000000000002,0.27075310177633816,0.9774480208532057,0.75,350,0.1
1.0613402846794286,50.801429415688865,7195,4,100,0.2,0.2790000000000002,0.27270799781804456,0.9774480208532057,0.75,350,0.1
1.076390645077041,50.478196693492485,7195,4,100,0.2,0.2810000000000002,0.274662893859751,0.9774480208532057,0.75,350,0.1
1.037627120809649,51.23529166968088,7195,4,100,0.2,0.2830000000000002,0.2766177899014574,0.9774480208532057,0.75,350,0.1
1.0317467274735723,50.975790263990554,7195,4,100,0.2,0.2850000000000002,0.2785726859431638,0.9774480208532057,0.75,350,0.1
1.0249392636576786,51.21616118362299,7195,4,100,0.2,0.2870000000000002,0.2805275819848702,0.9774480208532057,0.75,350,0.1
1.0714893306404731,51.3421444592142,7195,4,100,0.2,0.2890000000000002,0.28248247802657667,0.9774480208532057,0.75,350,0.1
1.0535214690527057,51.84222977745527,7195,4,100,0.2,0.2910000000000002,0.28443737406828307,0.9774480208532057,0.75,350,0.1
1.0212363884873457,52.66485737728505,7195,4,100,0.2,0.2930000000000002,0.28639227010998947,0.9774480208532057,0.75,350,0.1
1.033706692441532,51.87217222029979,7195,4,100,0.2,0.2950000000000002,0.28834716615169587,0.9774480208532057,0.75,350,0.1
1.0401822057723944,51.83111783174468,7195,4,100,0.2,0.2970000000000002,0.2903020621934023,0.9774480208532057,0.75,350,0.1
1.0117688170944164,50.37619098640192,7195,4,100,0.2,0.2990000000000002,0.2922569582351087,0.9774480208532057,0.75,350,0.1
1.0309318825260094,52.51823934216951,7195,4,100,0.2,0.3010000000000002,0.2942118542768151,0.9774480208532057,0.75,350,0.1
1.0368262189611253,52.192769446370605,7195,4,100,0.2,0.3030000000000002,0.2961667503185215,0.9774480208532057,0.75,350,0.1
1.0172761320290895,54.429252075377896,7195,4,100,0.2,0.3050000000000002,0.298121646360228,0.9774480208532057,0.75,350,0.1
1.0292519040533035,52.634391449391416,7195,4,100,0.2,0.3070000000000002,0.3000765424019344,0.9774480208532057,0.75,350,0.1
1.0132256543525866,51.96521594545403,7195,4,100,0.2,0.3090000000000002,0.3020314384436408,0.9774480208532057,0.75,350,0.1
1.0243967860082632,54.32926832498525,7195,4,100,0.2,0.3110000000000002,0.3039863344853472,0.9774480208532057,0.75,350,0.1
1.0121085387249416,54.04458221841342,7195,4,100,0.2,0.3130000000000002,0.3059412305270536,0.9774480208532057,0.75,350,0.1
1.004440075615657,54.06184781003792,7195,4,100,0.2,0.3150000000000002,0.30789612656876003,0.9774480208532057,0.75,350,0.1
1.0377309086421675,52.684999003291566,7195,4,100,0.2,0.3170000000000002,0.30985102261046643,0.9774480208532057,0.75,350,0.1
1.0064053665690766,53.260027957475074,7195,4,100,0.2,0.31900000000000023,0.31180591865217283,0.9774480208532057,0.75,350,0.1
0.9846402018953602,55.1201264828495,7195,4,100,0.2,0.32100000000000023,0.31376081469387923,0.9774480208532057,0.75,350,0.1
0.9748697559584678,53.25360756702074,7195,4,100,0.2,0.32300000000000023,0.3157157107355857,0.9774480208532057,0.75,350,0.1
1.0268569683305961,56.78345708340921,7195,4,100,0.2,0.32500000000000023,0.3176706067772921,0.9774480208532057,0.75,350,0.1
0.996481457494841,54.438945895253845,7195,4,100,0.2,0.32700000000000023,0.3196255028189985,0.9774480208532057,0.75,350,0.1
0.9790259009259986,55.303770169103146,7195,4,100,0.2,0.32900000000000024,0.3215803988607049,0.9774480208532057,0.75,350,0.1
0.9753073690218126,55.61361112044691,7195,4,100,0.2,0.33100000000000024,0.32353529490241134,0.9774480208532057,0.75,350,0.1
0.9467571263048596,55.94300647456179,7195,4,100,0.2,0.33300000000000024,0.32549019094411774,0.9774480208532057,0.75,350,0.1
0.9993142365465155,56.142495694701026,7195,4,100,0.2,0.33500000000000024,0.32744508698582414,0.9774480208532057,0.75,350,0.1
0.9693073033593657,56.81592224333759,7195,4,100,0.2,0.33700000000000024,0.32939998302753054,0.9774480208532057,0.75,350,0.1
0.9987838806983106,56.93862527059253,7195,4,100,0.2,0.33900000000000025,0.331354879069237,0.9774480208532057,0.75,350,0.1
0.989889320911833,54.63885119199312,7195,4,100,0.2,0.34100000000000025,0.3333097751109434,0.9774480208532057,0.75,350,0.1
0.9571741862687784,56.319456417387904,7195,4,100,0.2,0.34300000000000025,0.3352646711526498,0.9774480208532057,0.75,350,0.1
0.9918673755290383,55.57910579366942,7195,4,100,0.2,0.34500000000000025,0.3372195671943562,0.9774480208532057,0.75,350,0.1
0.964636553728063,56.97688812369174,7195,4,100,0.2,0.34700000000000025,0.33917446323606265,0.9774480208532057,0.75,350,0.1
0.9880589169064802,56.28824018351251,7195,4,100,0.2,0.34900000000000025,0.34112935927776905,0.9774480208532057,0.75,350,0.1
0.9812600774393583,58.011645858514555,7195,4,100,0.2,0.35100000000000026,0.34308425531947545,0.9774480208532057,0.75,350,0.1
0.9596509218461092,58.497761163711495,7195,4,100,0.2,0.35300000000000026,0.34503915136118185,0.9774480208532057,0.75,350,0.1
0.9678556066927494,58.76584645448523,7195,4,100,0.2,0.35500000000000026,0.34699404740288825,0.9774480208532057,0.75,350,0.1
0.9461294970754868,58.01060296356889,7195,4,100,0.2,0.35700000000000026,0.3489489434445947,0.9774480208532057,0.75,350,0.1
0.9801414776735892,59.81790044970933,7195,4,100,0.2,0.35900000000000026,0.3509038394863011,0.9774480208532057,0.75,350,0.1
0.9379917768569173,58.924533396116196,7195,4,100,0.2,0.36100000000000027,0.3528587355280075,0.9774480208532057,0.75,350,0.1
1.033320255247282,56.90069486949635,7195,4,100,0.2,0.36300000000000027,0.3548136315697139,0.9774480208532057,0.75,350,0.1
0.9962720531156838,58.734987053021484,7195,4,100,0.2,0.36500000000000027,0.35676852761142036,0.9774480208532057,0.75,350,0.1
0.9664894366107553,59.94132099700058,7195,4,100,0.2,0.36700000000000027,0.35872342365312676,0.9774480208532057,0.75,350,0.1
0.9962550843789059,58.817155501309564,7195,4,100,0.2,0.36900000000000027,0.36067831969483316,0.9774480208532057,0.75,350,0.1
0.9487673867238522,58.340906514073204,7195,4,100,0.2,0.3710000000000003,0.36263321573653956,0.9774480208532057,0.75,350,0.1
1.0214419855002672,58.578081696252035,7195,4,100,0.2,0.3730000000000003,0.364588111778246,0.9774480208532057,0.75,350,0.1
0.9663815040975412,60.339064058325924,7195,4,100,0.2,0.3750000000000003,0.3665430078199524,0.9774480208532057,0.75,350,0.1
0.9447222947196442,61.6284252114842,7195,4,100,0.2,0.3770000000000003,0.3684979038616588,0.9774480208532057,0.75,350,0.1
0.9990302475515827,60.62646166761558,7195,4,100,0.2,0.3790000000000003,0.3704527999033652,0.9774480208532057,0.75,350,0.1
1.0083548584610684,61.52371713450574,7195,4,100,0.2,0.3810000000000003,0.37240769594507167,0.9774480208532057,0.75,350,0.1
0.9582549203553632,59.083741179290776,7195,4,100,0.2,0.3830000000000003,0.37436259198677807,0.9774480208532057,0.75,350,0.1
1.0477905725589207,60.57106159894195,7195,4,100,0.2,0.3850000000000003,0.37631748802848447,0.9774480208532057,0.75,350,0.1
1.0009897178017781,59.92376054788294,7195,4,100,0.2,0.3870000000000003,0.37827238407019087,0.9774480208532057,0.75,350,0.1
1.0270588229310922,64.40708467429938,7195,4,100,0.2,0.3890000000000003,0.3802272801118973,0.9774480208532057,0.75,350,0.1
1.0072213012884392,61.06345095995056,7195,4,100,0.2,0.3910000000000003,0.3821821761536037,0.9774480208532057,0.75,350,0.1
1.0134212609352096,63.76737360292202,7195,4,100,0.2,0.3930000000000003,0.3841370721953101,0.9774480208532057,0.75,350,0.1
1.0070917024152144,64.53643653442847,7195,4,100,0.2,0.3950000000000003,0.3860919682370165,0.9774480208532057,0.75,350,0.1
1.057312248585843,61.13756061829691,7195,4,100,0.2,0.3970000000000003,0.388046864278723,0.9774480208532057,0.75,350,0.1
1.0056880063462896,61.050232104859475,7195,4,100,0.2,0.3990000000000003,0.3900017603204294,0.9774480208532057,0.75,350,0.1
1.0394403870888476,61.833844913686,7195,4,100,0.2,0.4010000000000003,0.3919566563621358,0.9774480208532057,0.75,350,0.1
0.9599991383238866,61.259449348866156,7195,4,100,0.2,0.4030000000000003,0.3939115524038422,0.9774480208532057,0.75,350,0.1
1.0282602239767271,63.441377679726656,7195,4,100,0.2,0.4050000000000003,0.3958664484455486,0.9774480208532057,0.75,350,0.1
1.0076619512001712,61.303387499708876,7195,4,100,0.2,0.4070000000000003,0.39782134448725504,0.9774480208532057,0.75,350,0.1
1.0317322708823138,63.94984137800866,7195,4,100,0.2,0.4090000000000003,0.39977624052896144,0.9774480208532057,0.75,350,0.1
1.1118147478076401,61.62900085706918,7195,4,100,0.2,0.4110000000000003,0.40173113657066783,0.9774480208532057,0.75,350,0.1
1.0354272413740573,64.41927675620661,7195,4,100,0.2,0.4130000000000003,0.40368603261237423,0.9774480208532057,0.75,350,0.1
1.0431186672637591,62.53906259226176,7195,4,100,0.2,0.4150000000000003,0.4056409286540807,0.9774480208532057,0.75,350,0.1
1.07064766434128,61.7095887312001,7195,4,100,0.2,0.4170000000000003,0.4075958246957871,0.9774480208532057,0.75,350,0.1
1.074202136944777,62.72895780872528,7195,4,100,0.2,0.4190000000000003,0.4095507207374935,0.9774480208532057,0.75,350,0.1
1.0652641598325696,62.77975881638838,7195,4,100,0.2,0.4210000000000003,0.4115056167791999,0.9774480208532057,0.75,350,0.1
1.062242167973415,61.69256142650333,7195,4,100,0.2,0.4230000000000003,0.41346051282090635,0.9774480208532057,0.75,350,0.1
1.0710300128189798,62.76488773968131,7195,4,100,0.2,0.4250000000000003,0.41541540886261275,0.9774480208532057,0.75,350,0.1
1.0403514930391056,64.16650685897001,7195,4,100,0.2,0.4270000000000003,0.41737030490431914,0.9774480208532057,0.75,350,0.1
1.0725245586063172,62.958962458830335,7195,4,100,0.2,0.4290000000000003,0.41932520094602554,0.9774480208532057,0.75,350,0.1
1.089977391039971,64.45679669010525,7195,4,100,0.2,0.4310000000000003,0.421280096987732,0.9774480208532057,0.75,350,0.1
1.109438162290565,63.48256605699334,7195,4,100,0.2,0.43300000000000033,0.4232349930294384,0.9774480208532057,0.75,350,0.1
1.1201623547321993,61.74810348196576,7195,4,100,0.2,0.43500000000000033,0.4251898890711448,0.9774480208532057,0.75,350,0.1
1.1391334030089801,64.30560875944022,7195,4,100,0.2,0.43700000000000033,0.4271447851128512,0.9774480208532057,0.75,350,0.1
1.1514511258294147,65.08099464429718,7195,4,100,0.2,0.43900000000000033,0.42909968115455766,0.9774480208532057,0.75,350,0.1
1.159795425808858,64.45672737846925,7195,4,100,0.2,0.44100000000000034,0.43105457719626405,0.9774480208532057,0.75,350,0.1
1.1291126425893745,62.4967244716543,7195,4,100,0.2,0.44300000000000034,0.43300947323797045,0.9774480208532057,0.75,350,0.1
1.0659158305652932,63.99414236572602,7195,4,100,0.2,0.44500000000000034,0.43496436927967685,0.9774480208532057,0.75,350,0.1
1.0511112527070432,62.60271872070657,7195,4,100,0.2,0.44700000000000034,0.4369192653213833,0.9774480208532057,0.75,350,0.1
1.1756163527357812,65.25381102083821,7195,4,100,0.2,0.44900000000000034,0.4388741613630897,0.9774480208532057,0.75,350,0.1
1.1257718150296432,65.42197536825155,7195,4,100,0.2,0.45100000000000035,0.4408290574047961,0.9774480208532057,0.75,350,0.1
1.0627807476136781,65.38911226314465,7195,4,100,0.2,0.45300000000000035,0.4427839534465025,0.9774480208532057,0.75,350,0.1
1.0814726907278822,67.08155956779703,7195,4,100,0.2,0.45500000000000035,0.4447388494882089,0.9774480208532057,0.75,350,0.1
1.0933695837298316,62.652745354731124,7195,4,100,0.2,0.45700000000000035,0.44669374552991536,0.9774480208532057,0.75,350,0.1
1.1891318151467314,62.984452555783946,7195,4,100,0.2,0.45900000000000035,0.44864864157162176,0.9774480208532057,0.75,350,0.1
1.2244436448142997,65.53592150100214,7195,4,100,0.2,0.46100000000000035,0.45060353761332816,0.9774480208532057,0.75,350,0.1
1.0637620983638487,65.47935642338253,7195,4,100,0.2,0.46300000000000036,0.45255843365503456,0.9774480208532057,0.75,350,0.1
1.1028236996385958,65.09448993798682,7195,4,100,0.2,0.46500000000000036,0.454513329696741,0.9774480208532057,0.75,350,0.1
1.216494202490197,65.28046565279475,7195,4,100,0.2,0.46700000000000036,0.4564682257384474,0.9774480208532057,0.75,350,0.1
1.2004455000542213,62.77380533071547,7195,4,100,0.2,0.46900000000000036,0.4584231217801538,0.9774480208532057,0.75,350,0.1
1.150343076164223,64.1745788389979,7195,4,100,0.2,0.47100000000000036,0.4603780178218602,0.9774480208532057,0.75,350,0.1
1.1641828846148499,65.67363626242236,7195,4,100,0.2,0.47300000000000036,0.4623329138635667,0.9774480208532057,0.75,350,0.1
1.1262353908625076,62.519924718199306,7195,4,100,0.2,0.47500000000000037,0.4642878099052731,0.9774480208532057,0.75,350,0.1
1.1010603900761788,67.1718539485304,7195,4,100,0.2,0.47700000000000037,0.4662427059469795,0.9774480208532057,0.75,350,0.1
1.2198054410217367,66.65259811950901,7195,4,100,0.2,0.47900000000000037,0.4681976019886859,0.9774480208532057,0.75,350,0.1
1.2239742938965363,67.50825568629025,7195,4,100,0.2,0.48100000000000037,0.47015249803039233,0.9774480208532057,0.75,350,0.1
1.252582626394213,67.49377108492766,7195,4,100,0.2,0.4830000000000004,0.47210739407209873,0.9774480208532057,0.75,350,0.1
1.1537382640853042,67.14015686438013,7195,4,100,0.2,0.4850000000000004,0.47406229011380513,0.9774480208532057,0.75,350,0.1
1.2803715866647318,67.72446111369081,7195,4,100,0.2,0.4870000000000004,0.47601718615551153,0.9774480208532057,0.75,350,0.1
1.2221694875371365,65.4911587496246,7195,4,100,0.2,0.4890000000000004,0.477972082197218,0.9774480208532057,0.75,350,0.1
1.166551921299223,66.30610090070488,7195,4,100,0.2,0.4910000000000004,0.4799269782389244,0.9774480208532057,0.75,350,0.1
1.2332072702012506,68.74148690250281,7195,4,100,0.2,0.4930000000000004,0.4818818742806308,0.9774480208532057,0.75,350,0.1
1.2272491909643808,66.94457653433886,7195,4,100,0.2,0.4950000000000004,0.4838367703223372,0.9774480208532057,0.75,350,0.1
-206308417.5255077,7363161531.610072,7195,4,100,0.2,0.4970000000000004,0.4857916663640436,0.9774480208532057,0.75,350,0.1
1.2852891464415588,69.60611631089806,7195,4,100,0.2,0.4990000000000004,0.48774656240575004,0.9774480208532057,0.75,350,0.1
1.3789411833635101,74.80396172289883,7195,4,100,0.2,0.5010000000000003,0.4897014584474564,0.9774480208532057,0.75,350,0.1
604690.744618412,100692900.33151549,7195,4,100,0.2,0.5030000000000003,0.4916563544891628,0.9774480208532057,0.75,350,0.1
-40179051201804744,10933971892766867000,7195,4,100,0.2,0.5050000000000003,0.4936112505308692,0.9774480208532057,0.75,350,0.1
-20769425997971172,1136047051197642800,7195,4,100,0.2,0.5070000000000003,0.49556614657257564,0.9774480208532057,0.75,350,0.1
-77.15646541339837,21738.475664546288,7195,4,100,0.2,0.5090000000000003,0.49752104261428204,0.9774480208532057,0.75,350,0.1
-9.522356844493552e+33,1.1113847928364968e+36,7195,4,100,0.2,0.5110000000000003,0.49947593865598844,0.9774480208532057,0.75,350,0.1
3.3585584819378436e+50,1.5941272880573604e+52,7195,4,100,0.2,0.5130000000000003,0.5014308346976949,0.9774480208532057,0.75,350,0.1
3.019321777055926e+51,1.3808734357590022e+53,7195,4,100,0.2,0.5150000000000003,0.5033857307394013,0.9774480208532057,0.75,350,0.1
2.379012596767974e+70,2.1381803147644015e+72,7195,4,100,0.2,0.5170000000000003,0.5053406267811077,0.9774480208532057,0.75,350,0.1
6.833776444603101e+146,3.2043720164439785e+148,7195,4,100,0.2,0.5190000000000003,0.5072955228228141,0.9774480208532057,0.75,350,0.1
7.916386823928945e+100,4.295901594679977e+102,7195,4,100,0.2,0.5210000000000004,0.5092504188645205,0.9774480208532057,0.75,350,0.1
-2.9597028133161376e+176,9.646008992116664e+178,7195,4,100,0.2,0.5230000000000004,0.5112053149062269,0.9774480208532057,0.75,350,0.1
-4.994466879955097e+203,3.026083556573496e+205,7195,4,100,0.2,0.5250000000000004,0.5131602109479333,0.9774480208532057,0.75,350,0.1
NaN,NaN,7195,4,100,0.2,0.5270000000000004,0.5151151069896398,0.9774480208532057,0.75,350,0.1
-1.6034126971615103e+291,8.217034221264558e+292,7195,4,100,0.2,0.5290000000000004,0.5170700030313462,0.9774480208532057,0.75,350,0.1
NaN,NaN,7195,4,100,0.2,0.5310000000000004,0.5190248990730526,0.9774480208532057,0.75,350,0.1
NaN,NaN,7195,4,100,0.2,0.5330000000000004,0.520979795114759,0.9774480208532057,0.75,350,0.1
NaN,NaN,7195,4,100,0.2,0.5350000000000004,0.5229346911564654,0.9774480208532057,0.75,350,0.1
NaN,NaN,7195,4,100,0.2,0.5370000000000004,0.5248895871981718,0.9774480208532057,0.75,350,0.1
NaN,NaN,7195,4,100,0.2,0.5390000000000004,0.5268444832398782,0.9774480208532057,0.75,350,0.1
NaN,NaN,7195,4,100,0.2,0.5410000000000004,0.5287993792815846,0.9774480208532057,0.75,350,0.1
NaN,NaN,7195,4,100,0.2,0.5430000000000004,0.5307542753232911,0.9774480208532057,0.75,350,0.1
NaN,NaN,7195,4,100,0.2,0.5450000000000004,0.5327091713649975,0.9774480208532057,0.75,350,0.1
NaN,NaN,7195,4,100,0.2,0.5470000000000004,0.5346640674067039,0.9774480208532057,0.75,350,0.1
NaN,NaN,7195,4,100,0.2,0.5490000000000004,0.5366189634484103,0.9774480208532057,0.75,350,0.1
NaN,NaN,7195,4,100,0.2,0.5510000000000004,0.5385738594901167,0.9774480208532057,0.75,350,0.1
NaN,NaN,7195,4,100,0.2,0.5530000000000004,0.5405287555318231,0.9774480208532057,0.75,350,0.1
NaN,NaN,7195,4,100,0.2,0.5550000000000004,0.5424836515735295,0.9774480208532057,0.75,350,0.1
NaN,NaN,7195,4,100,0.2,0.5570000000000004,0.5444385476152359,0.9774480208532057,0.75,350,0.1
NaN,NaN,7195,4,100,0.2,0.5590000000000004,0.5463934436569423,0.9774480208532057,0.75,350,0.1
NaN,NaN,7195,4,100,0.2,0.5610000000000004,0.5483483396986488,0.9774480208532057,0.75,350,0.1
NaN,NaN,7195,4,100,0.2,0.5630000000000004,0.5503032357403552,0.9774480208532057,0.75,350,0.1
NaN,NaN,7195,4,100,0.2,0.5650000000000004,0.5522581317820616,0.9774480208532057,0.75,350,0.1
NaN,NaN,7195,4,100,0.2,0.5670000000000004,0.554213027823768,0.9774480208532057,0.75,350,0.1
NaN,NaN,7195,4,100,0.2,0.5690000000000004,0.5561679238654744,0.9774480208532057,0.75,350,0.1
NaN,NaN,7195,4,100,0.2,0.5710000000000004,0.5581228199071808,0.9774480208532057,0.75,350,0.1
NaN,NaN,7195,4,100,0.2,0.5730000000000004,0.5600777159488872,0.9774480208532057,0.75,350,0.1
NaN,NaN,7195,4,100,0.2,0.5750000000000004,0.5620326119905936,0.9774480208532057,0.75,350,0.1
NaN,NaN,7195,4,100,0.2,0.5770000000000004,0.5639875080323001,0.9774480208532057,0.75,350,0.1
NaN,NaN,7195,4,100,0.2,0.5790000000000004,0.5659424040740065,0.9774480208532057,0.75,350,0.1
NaN,NaN,7195,4,100,0.2,0.5810000000000004,0.5678973001157129,0.9774480208532057,0.75,350,0.1
NaN,NaN,7195,4,100,0.2,0.5830000000000004,0.5698521961574193,0.9774480208532057,0.75,350,0.1
NaN,NaN,7195,4,100,0.2,0.5850000000000004,0.5718070921991257,0.9774480208532057,0.75,350,0.1
NaN,NaN,7195,4,100,0.2,0.5870000000000004,0.5737619882408321,0.9774480208532057,0.75,350,0.1
NaN,NaN,7195,4,100,0.2,0.5890000000000004,0.5757168842825385,0.9774480208532057,0.75,350,0.1
NaN,NaN,7195,4,100,0.2,0.5910000000000004,0.5776717803242449,0.9774480208532057,0.75,350,0.1
NaN,NaN,7195,4,100,0.2,0.5930000000000004,0.5796266763659513,0.9774480208532057,0.75,350,0.1
NaN,NaN,7195,4,100,0.2,0.5950000000000004,0.5815815724076578,0.9774480208532057,0.75,350,0.1
NaN,NaN,7195,4,100,0.2,0.5970000000000004,0.5835364684493642,0.9774480208532057,0.75,350,0.1
NaN,NaN,7195,4,100,0.2,0.5990000000000004,0.5854913644910706,0.9774480208532057,0.75,350,0.1
NaN,NaN,7195,4,100,0.2,0.6010000000000004,0.587446260532777,0.9774480208532057,0.75,350,0.1
NaN,NaN,7195,4,100,0.2,0.6030000000000004,0.5894011565744834,0.9774480208532057,0.75,350,0.1
NaN,NaN,7195,4,100,0.2,0.6050000000000004,0.5913560526161898,0.9774480208532057,0.75,350,0.1
NaN,NaN,7195,4,100,0.2,0.6070000000000004,0.5933109486578962,0.9774480208532057,0.75,350,0.1
NaN,NaN,7195,4,100,0.2,0.6090000000000004,0.5952658446996026,0.9774480208532057,0.75,350,0.1
NaN,NaN,7195,4,100,0.2,0.6110000000000004,0.5972207407413092,0.9774480208532057,0.75,350,0.1
NaN,NaN,7195,4,100,0.2,0.6130000000000004,0.5991756367830156,0.9774480208532057,0.75,350,0.1
NaN,NaN,7195,4,100,0.2,0.6150000000000004,0.601130532824722,0.9774480208532057,0.75,350,0.1
NaN,NaN,7195,4,100,0.2,0.6170000000000004,0.6030854288664284,0.9774480208532057,0.75,350,0.1
NaN,NaN,7195,4,100,0.2,0.6190000000000004,0.6050403249081348,0.9774480208532057,0.75,350,0.1
NaN,NaN,7195,4,100,0.2,0.6210000000000004,0.6069952209498412,0.9774480208532057,0.75,350,0.1
NaN,NaN,7195,4,100,0.2,0.6230000000000004,0.6089501169915476,0.9774480208532057,0.75,350,0.1
NaN,NaN,7195,4,100,0.2,0.6250000000000004,0.610905013033254,0.9774480208532057,0.75,350,0.1
NaN,NaN,7195,4,100,0.2,0.6270000000000004,0.6128599090749605,0.9774480208532057,0.75,350,0.1
NaN,NaN,7195,4,100,0.2,0.6290000000000004,0.6148148051166669,0.9774480208532057,0.75,350,0.1
NaN,NaN,7195,4,100,0.2,0.6310000000000004,0.6167697011583733,0.9774480208532057,0.75,350,0.1
NaN,NaN,7195,4,100,0.2,0.6330000000000005,0.6187245972000797,0.9774480208532057,0.75,350,0.1
NaN,NaN,7195,4,100,0.2,0.6350000000000005,0.6206794932417861,0.9774480208532057,0.75,350,0.1
NaN,NaN,7195,4,100,0.2,0.6370000000000005,0.6226343892834925,0.9774480208532057,0.75,350,0.1
NaN,NaN,7195,4,100,0.2,0.6390000000000005,0.6245892853251989,0.9774480208532057,0.75,350,0.1
NaN,NaN,7195,4,100,0.2,0.6410000000000005,0.6265441813669053,0.9774480208532057,0.75,350,0.1
NaN,NaN,7195,4,100,0.2,0.6430000000000005,0.6284990774086117,0.9774480208532057,0.75,350,0.1
NaN,NaN,7195,4,100,0.2,0.6450000000000005,0.6304539734503182,0.9774480208532057,0.75,350,0.1
NaN,NaN,7195,4,100,0.2,0.6470000000000005,0.6324088694920246,0.9774480208532057,0.75,350,0.1
NaN,NaN,7195,4,100,0.2,0.6490000000000005,0.634363765533731,0.9774480208532057,0.75,350,0.1
NaN,NaN,7195,4,100,0.2,0.6510000000000005,0.6363186615754374,0.9774480208532057,0.75,350,0.1
NaN,NaN,7195,4,100,0.2,0.6530000000000005,0.6382735576171438,0.9774480208532057,0.75,350,0.1
NaN,NaN,7195,4,100,0.2,0.6550000000000005,0.6402284536588502,0.9774480208532057,0.75,350,0.1
NaN,NaN,7195,4,100,0.2,0.6570000000000005,0.6421833497005566,0.9774480208532057,0.75,350,0.1
NaN,NaN,7195,4,100,0.2,0.6590000000000005,0.644138245742263,0.9774480208532057,0.75,350,0.1
NaN,NaN,7195,4,100,0.2,0.6610000000000005,0.6460931417839695,0.9774480208532057,0.75,350,0.1
NaN,NaN,7195,4,100,0.2,0.6630000000000005,0.6480480378256759,0.9774480208532057,0.75,350,0.1
NaN,NaN,7195,4,100,0.2,0.6650000000000005,0.6500029338673823,0.9774480208532057,0.75,350,0.1
NaN,NaN,7195,4,100,0.2,0.6670000000000005,0.6519578299090887,0.9774480208532057,0.75,350,0.1
NaN,NaN,7195,4,100,0.2,0.6690000000000005,0.6539127259507951,0.9774480208532057,0.75,350,0.1
NaN,NaN,7195,4,100,0.2,0.6710000000000005,0.6558676219925015,0.9774480208532057,0.75,350,0.1
NaN,NaN,7195,4,100,0.2,0.6730000000000005,0.6578225180342079,0.9774480208532057,0.75,350,0.1
NaN,NaN,7195,4,100,0.2,0.6750000000000005,0.6597774140759143,0.9774480208532057,0.75,350,0.1
NaN,NaN,7195,4,100,0.2,0.6770000000000005,0.6617323101176208,0.9774480208532057,0.75,350,0.1
NaN,NaN,7195,4,100,0.2,0.6790000000000005,0.6636872061593272,0.9774480208532057,0.75,350,0.1
NaN,NaN,7195,4,100,0.2,0.6810000000000005,0.6656421022010336,0.9774480208532057,0.75,350,0.1
NaN,NaN,7195,4,100,0.2,0.6830000000000005,0.66759699824274,0.9774480208532057,0.75,350,0.1
NaN,NaN,7195,4,100,0.2,0.6850000000000005,0.6695518942844464,0.9774480208532057,0.75,350,0.1
NaN,NaN,7195,4,100,0.2,0.6870000000000005,0.6715067903261528,0.9774480208532057,0.75,350,0.1
NaN,NaN,7195,4,100,0.2,0.6890000000000005,0.6734616863678592,0.9774480208532057,0.75,350,0.1
NaN,NaN,7195,4,100,0.2,0.6910000000000005,0.6754165824095656,0.9774480208532057,0.75,350,0.1
NaN,NaN,7195,4,100,0.2,0.6930000000000005,0.677371478451272,0.9774480208532057,0.75,350,0.1
NaN,NaN,7195,4,100,0.2,0.6950000000000005,0.6793263744929785,0.9774480208532057,0.75,350,0.1
NaN,NaN,7195,4,100,0.2,0.6970000000000005,0.6812812705346849,0.9774480208532057,0.75,350,0.1
NaN,NaN,7195,4,100,0.2,0.6990000000000005,0.6832361665763913,0.9774480208532057,0.75,350,0.1
NaN,NaN,7195,4,100,0.2,0.7010000000000005,0.6851910626180977,0.9774480208532057,0.75,350,0.1
NaN,NaN,7195,4,100,0.2,0.7030000000000005,0.6871459586598041,0.9774480208532057,0.75,350,0.1
NaN,NaN,7195,4,100,0.2,0.7050000000000005,0.6891008547015105,0.9774480208532057,0.75,350,0.1
NaN,NaN,7195,4,100,0.2,0.7070000000000005,0.6910557507432169,0.9774480208532057,0.75,350,0.1
NaN,NaN,7195,4,100,0.2,0.7090000000000005,0.6930106467849233,0.9774480208532057,0.75,350,0.1
NaN,NaN,7195,4,100,0.2,0.7110000000000005,0.6949655428266298,0.9774480208532057,0.75,350,0.1
NaN,NaN,7195,4,100,0.2,0.7130000000000005,0.6969204388683362,0.9774480208532057,0.75,350,0.1
NaN,NaN,7195,4,100,0.2,0.7150000000000005,0.6988753349100426,0.9774480208532057,0.75,350,0.1
NaN,NaN,7195,4,100,0.2,0.7170000000000005,0.700830230951749,0.9774480208532057,0.75,350,0.1
NaN,NaN,7195,4,100,0.2,0.7190000000000005,0.7027851269934554,0.9774480208532057,0.75,350,0.1
NaN,NaN,7195,4,100,0.2,0.7210000000000005,0.7047400230351618,0.9774480208532057,0.75,350,0.1
NaN,NaN,7195,4,100,0.2,0.7230000000000005,0.7066949190768682,0.9774480208532057,0.75,350,0.1
NaN,NaN,7195,4,100,0.2,0.7250000000000005,0.7086498151185746,0.9774480208532057,0.75,350,0.1
NaN,NaN,7195,4,100,0.2,0.7270000000000005,0.7106047111602811,0.9774480208532057,0.75,350,0.1
NaN,NaN,7195,4,100,0.2,0.7290000000000005,0.7125596072019875,0.9774480208532057,0.75,350,0.1
NaN,NaN,7195,4,100,0.2,0.7310000000000005,0.7145145032436939,0.9774480208532057,0.75,350,0.1
NaN,NaN,7195,4,100,0.2,0.7330000000000005,0.7164693992854003,0.9774480208532057,0.75,350,0.1
NaN,NaN,7195,4,100,0.2,0.7350000000000005,0.7184242953271067,0.9774480208532057,0.75,350,0.1
NaN,NaN,7195,4,100,0.2,0.7370000000000005,0.7203791913688131,0.9774480208532057,0.75,350,0.1
NaN,NaN,7195,4,100,0.2,0.7390000000000005,0.7223340874105195,0.9774480208532057,0.75,350,0.1
NaN,NaN,7195,4,100,0.2,0.7410000000000005,0.7242889834522259,0.9774480208532057,0.75,350,0.1
NaN,NaN,7195,4,100,0.2,0.7430000000000005,0.7262438794939323,0.9774480208532057,0.75,350,0.1
NaN,NaN,7195,4,100,0.2,0.7450000000000006,0.7281987755356388,0.9774480208532057,0.75,350,0.1
NaN,NaN,7195,4,100,0.2,0.7470000000000006,0.7301536715773452,0.9774480208532057,0.75,350,0.1
NaN,NaN,7195,4,100,0.2,0.7490000000000006,0.7321085676190516,0.9774480208532057,0.75,350,0.1
NaN,NaN,7195,4,100,0.2,0.7510000000000006,0.734063463660758,0.9774480208532057,0.75,350,0.1
NaN,NaN,7195,4,100,0.2,0.7530000000000006,0.7360183597024644,0.9774480208532057,0.75,350,0.1
NaN,NaN,7195,4,100,0.2,0.7550000000000006,0.7379732557441708,0.9774480208532057,0.75,350,0.1
NaN,NaN,7195,4,100,0.2,0.7570000000000006,0.7399281517858772,0.9774480208532057,0.75,350,0.1
NaN,NaN,7195,4,100,0.2,0.7590000000000006,0.7418830478275836,0.9774480208532057,0.75,350,0.1
NaN,NaN,7195,4,100,0.2,0.7610000000000006,0.7438379438692901,0.9774480208532057,0.75,350,0.1
NaN,NaN,7195,4,100,0.2,0.7630000000000006,0.7457928399109965,0.9774480208532057,0.75,350,0.1
NaN,NaN,7195,4,100,0.2,0.7650000000000006,0.7477477359527029,0.9774480208532057,0.75,350,0.1
NaN,NaN,7195,4,100,0.2,0.7670000000000006,0.7497026319944093,0.9774480208532057,0.75,350,0.1
NaN,NaN,7195,4,100,0.2,0.7690000000000006,0.7516575280361157,0.9774480208532057,0.75,350,0.1
NaN,NaN,7195,4,100,0.2,0.7710000000000006,0.7536124240778221,0.9774480208532057,0.75,350,0.1
NaN,NaN,7195,4,100,0.2,0.7730000000000006,0.7555673201195285,0.9774480208532057,0.75,350,0.1
NaN,NaN,7195,4,100,0.2,0.7750000000000006,0.7575222161612349,0.9774480208532057,0.75,350,0.1
NaN,NaN,7195,4,100,0.2,0.7770000000000006,0.7594771122029415,0.9774480208532057,0.75,350,0.1
NaN,NaN,7195,4,100,0.2,0.7790000000000006,0.7614320082446479,0.9774480208532057,0.75,350,0.1
NaN,NaN,7195,4,100,0.2,0.7810000000000006,0.7633869042863543,0.9774480208532057,0.75,350,0.1
NaN,NaN,7195,4,100,0.2,0.7830000000000006,0.7653418003280607,0.9774480208532057,0.75,350,0.1
NaN,NaN,7195,4,100,0.2,0.7850000000000006,0.767296696369767,0.9774480208532057,0.75,350,0.1
NaN,NaN,7195,4,100,0.2,0.7870000000000006,0.7692515924114735,0.9774480208532057,0.75,350,0.1
NaN,NaN,7195,4,100,0.2,0.7890000000000006,0.7712064884531799,0.9774480208532057,0.75,350,0.1
NaN,NaN,7195,4,100,0.2,0.7910000000000006,0.7731613844948863,0.9774480208532057,0.75,350,0.1
NaN,NaN,7195,4,100,0.2,0.7930000000000006,0.7751162805365927,0.9774480208532057,0.75,350,0.1
NaN,NaN,7195,4,100,0.2,0.7950000000000006,0.7770711765782992,0.9774480208532057,0.75,350,0.1
NaN,NaN,7195,4,100,0.2,0.7970000000000006,0.7790260726200056,0.9774480208532057,0.75,350,0.1
NaN,NaN,7195,4,100,0.2,0.7990000000000006,0.780980968661712,0.9774480208532057,0.75,350,0.1
NaN,NaN,7195,4,100,0.2,0.8010000000000006,0.7829358647034184,0.9774480208532057,0.75,350,0.1
NaN,NaN,7195,4,100,0.2,0.8030000000000006,0.7848907607451248,0.9774480208532057,0.75,350,0.1
NaN,NaN,7195,4,100,0.2,0.8050000000000006,0.7868456567868312,0.9774480208532057,0.75,350,0.1
NaN,NaN,7195,4,100,0.2,0.8070000000000006,0.7888005528285376,0.9774480208532057,0.75,350,0.1
NaN,NaN,7195,4,100,0.2,0.8090000000000006,0.790755448870244,0.9774480208532057,0.75,350,0.1
NaN,NaN,7195,4,100,0.2,0.8110000000000006,0.7927103449119505,0.9774480208532057,0.75,350,0.1
NaN,NaN,7195,4,100,0.2,0.8130000000000006,0.7946652409536569,0.9774480208532057,0.75,350,0.1
NaN,NaN,7195,4,100,0.2,0.8150000000000006,0.7966201369953633,0.9774480208532057,0.75,350,0.1
NaN,NaN,7195,4,100,0.2,0.8170000000000006,0.7985750330370697,0.9774480208532057,0.75,350,0.1
NaN,NaN,7195,4,100,0.2,0.8190000000000006,0.8005299290787761,0.9774480208532057,0.75,350,0.1
NaN,NaN,7195,4,100,0.2,0.8210000000000006,0.8024848251204825,0.9774480208532057,0.75,350,0.1
NaN,NaN,7195,4,100,0.2,0.8230000000000006,0.8044397211621889,0.9774480208532057,0.75,350,0.1
NaN,NaN,7195,4,100,0.2,0.8250000000000006,0.8063946172038953,0.9774480208532057,0.75,350,0.1
NaN,NaN,7195,4,100,0.2,0.8270000000000006,0.8083495132456017,0.9774480208532057,0.75,350,0.1
NaN,NaN,7195,4,100,0.2,0.8290000000000006,0.8103044092873082,0.9774480208532057,0.75,350,0.1
NaN,NaN,7195,4,100,0.2,0.8310000000000006,0.8122593053290146,0.9774480208532057,0.75,350,0.1
NaN,NaN,7195,4,100,0.2,0.8330000000000006,0.814214201370721,0.9774480208532057,0.75,350,0.1
NaN,NaN,7195,4,100,0.2,0.8350000000000006,0.8161690974124274,0.9774480208532057,0.75,350,0.1
NaN,NaN,7195,4,100,0.2,0.8370000000000006,0.8181239934541338,0.9774480208532057,0.75,350,0.1
NaN,NaN,7195,4,100,0.2,0.8390000000000006,0.8200788894958402,0.9774480208532057,0.75,350,0.1
NaN,NaN,7195,4,100,0.2,0.8410000000000006,0.8220337855375466,0.9774480208532057,0.75,350,0.1
NaN,NaN,7195,4,100,0.2,0.8430000000000006,0.823988681579253,0.9774480208532057,0.75,350,0.1
NaN,NaN,7195,4,100,0.2,0.8450000000000006,0.8259435776209595,0.9774480208532057,0.75,350,0.1
NaN,NaN,7195,4,100,0.2,0.8470000000000006,0.8278984736626659,0.9774480208532057,0.75,350,0.1
NaN,NaN,7195,4,100,0.2,0.8490000000000006,0.8298533697043723,0.9774480208532057,0.75,350,0.1
NaN,NaN,7195,4,100,0.2,0.8510000000000006,0.8318082657460787,0.9774480208532057,0.75,350,0.1
NaN,NaN,7195,4,100,0.2,0.8530000000000006,0.8337631617877851,0.9774480208532057,0.75,350,0.1
NaN,NaN,7195,4,100,0.2,0.8550000000000006,0.8357180578294915,0.9774480208532057,0.75,350,0.1
NaN,NaN,7195,4,100,0.2,0.8570000000000007,0.8376729538711979,0.9774480208532057,0.75,350,0.1
NaN,NaN,7195,4,100,0.2,0.8590000000000007,0.8396278499129043,0.9774480208532057,0.75,350,0.1
NaN,NaN,7195,4,100,0.2,0.8610000000000007,0.8415827459546108,0.9774480208532057,0.75,350,0.1
NaN,NaN,7195,4,100,0.2,0.8630000000000007,0.8435376419963172,0.9774480208532057,0.75,350,0.1
NaN,NaN,7195,4,100,0.2,0.8650000000000007,0.8454925380380236,0.9774480208532057,0.75,350,0.1
NaN,NaN,7195,4,100,0.2,0.8670000000000007,0.84744743407973,0.9774480208532057,0.75,350,0.1
NaN,NaN,7195,4,100,0.2,0.8690000000000007,0.8494023301214364,0.9774480208532057,0.75,350,0.1
NaN,NaN,7195,4,100,0.2,0.8710000000000007,0.8513572261631428,0.9774480208532057,0.75,350,0.1
NaN,NaN,7195,4,100,0.2,0.8730000000000007,0.8533121222048492,0.9774480208532057,0.75,350,0.1
NaN,NaN,7195,4,100,0.2,0.8750000000000007,0.8552670182465556,0.9774480208532057,0.75,350,0.1
NaN,NaN,7195,4,100,0.2,0.8770000000000007,0.857221914288262,0.9774480208532057,0.75,350,0.1
NaN,NaN,7195,4,100,0.2,0.8790000000000007,0.8591768103299685,0.9774480208532057,0.75,350,0.1
NaN,NaN,7195,4,100,0.2,0.8810000000000007,0.8611317063716749,0.9774480208532057,0.75,350,0.1
NaN,NaN,7195,4,100,0.2,0.8830000000000007,0.8630866024133813,0.9774480208532057,0.75,350,0.1
NaN,NaN,7195,4,100,0.2,0.8850000000000007,0.8650414984550877,0.9774480208532057,0.75,350,0.1
NaN,NaN,7195,4,100,0.2,0.8870000000000007,0.8669963944967941,0.9774480208532057,0.75,350,0.1
NaN,NaN,7195,4,100,0.2,0.8890000000000007,0.8689512905385005,0.9774480208532057,0.75,350,0.1
NaN,NaN,7195,4,100,0.2,0.8910000000000007,0.8709061865802069,0.9774480208532057,0.75,350,0.1
NaN,NaN,7195,4,100,0.2,0.8930000000000007,0.8728610826219133,0.9774480208532057,0.75,350,0.1
NaN,NaN,7195,4,100,0.2,0.8950000000000007,0.8748159786636198,0.9774480208532057,0.75,350,0.1
NaN,NaN,7195,4,100,0.2,0.8970000000000007,0.8767708747053262,0.9774480208532057,0.75,350,0.1
NaN,NaN,7195,4,100,0.2,0.8990000000000007,0.8787257707470326,0.9774480208532057,0.75,350,0.1
NaN,NaN,7195,4,100,0.2,0.9010000000000007,0.880680666788739,0.9774480208532057,0.75,350,0.1
NaN,NaN,7195,4,100,0.2,0.9030000000000007,0.8826355628304454,0.9774480208532057,0.75,350,0.1
NaN,NaN,7195,4,100,0.2,0.9050000000000007,0.8845904588721518,0.9774480208532057,0.75,350,0.1
NaN,NaN,7195,4,100,0.2,0.9070000000000007,0.8865453549138582,0.9774480208532057,0.75,350,0.1
NaN,NaN,7195,4,100,0.2,0.9090000000000007,0.8885002509555646,0.9774480208532057,0.75,350,0.1
NaN,NaN,7195,4,100,0.2,0.9110000000000007,0.8904551469972711,0.9774480208532057,0.75,350,0.1
NaN,NaN,7195,4,100,0.2,0.9130000000000007,0.8924100430389775,0.9774480208532057,0.75,350,0.1
NaN,NaN,7195,4,100,0.2,0.9150000000000007,0.8943649390806839,0.9774480208532057,0.75,350,0.1
NaN,NaN,7195,4,100,0.2,0.9170000000000007,0.8963198351223903,0.9774480208532057,0.75,350,0.1
NaN,NaN,7195,4,100,0.2,0.9190000000000007,0.8982747311640967,0.9774480208532057,0.75,350,0.1
NaN,NaN,7195,4,100,0.2,0.9210000000000007,0.9002296272058031,0.9774480208532057,0.75,350,0.1
NaN,NaN,7195,4,100,0.2,0.9230000000000007,0.9021845232475095,0.9774480208532057,0.75,350,0.1
NaN,NaN,7195,4,100,0.2,0.9250000000000007,0.9041394192892159,0.9774480208532057,0.75,350,0.1
NaN,NaN,7195,4,100,0.2,0.9270000000000007,0.9060943153309223,0.9774480208532057,0.75,350,0.1
NaN,NaN,7195,4,100,0.2,0.9290000000000007,0.9080492113726288,0.9774480208532057,0.75,350,0.1
NaN,NaN,7195,4,100,0.2,0.9310000000000007,0.9100041074143352,0.9774480208532057,0.75,350,0.1
NaN,NaN,7195,4,100,0.2,0.9330000000000007,0.9119590034560416,0.9774480208532057,0.75,350,0.1
NaN,NaN,7195,4,100,0.2,0.9350000000000007,0.913913899497748,0.9774480208532057,0.75,350,0.1
NaN,NaN,7195,4,100,0.2,0.9370000000000007,0.9158687955394544,0.9774480208532057,0.75,350,0.1
NaN,NaN,7195,4,100,0.2,0.9390000000000007,0.9178236915811608,0.9774480208532057,0.75,350,0.1
NaN,NaN,7195,4,100,0.2,0.9410000000000007,0.9197785876228672,0.9774480208532057,0.75,350,0.1
NaN,NaN,7195,4,100,0.2,0.9430000000000007,0.9217334836645736,0.9774480208532057,0.75,350,0.1
NaN,NaN,7195,4,100,0.2,0.9450000000000007,0.9236883797062801,0.9774480208532057,0.75,350,0.1
NaN,NaN,7195,4,100,0.2,0.9470000000000007,0.9256432757479865,0.9774480208532057,0.75,350,0.1
NaN,NaN,7195,4,100,0.2,0.9490000000000007,0.927598171789693,0.9774480208532057,0.75,350,0.1
NaN,NaN,7195,4,100,0.2,0.9510000000000007,0.9295530678313993,0.9774480208532057,0.75,350,0.1
NaN,NaN,7195,4,100,0.2,0.9530000000000007,0.9315079638731057,0.9774480208532057,0.75,350,0.1
NaN,NaN,7195,4,100,0.2,0.9550000000000007,0.9334628599148121,0.9774480208532057,0.75,350,0.1
NaN,NaN,7195,4,100,0.2,0.9570000000000007,0.9354177559565185,0.9774480208532057,0.75,350,0.1
NaN,NaN,7195,4,100,0.2,0.9590000000000007,0.937372651998225,0.9774480208532057,0.75,350,0.1
NaN,NaN,7195,4,100,0.2,0.9610000000000007,0.9393275480399315,0.9774480208532057,0.75,350,0.1
NaN,NaN,7195,4,100,0.2,0.9630000000000007,0.9412824440816379,0.9774480208532057,0.75,350,0.1
NaN,NaN,7195,4,100,0.2,0.9650000000000007,0.9432373401233443,0.9774480208532057,0.75,350,0.1
NaN,NaN,7195,4,100,0.2,0.9670000000000007,0.9451922361650507,0.9774480208532057,0.75,350,0.1
NaN,NaN,7195,4,100,0.2,0.9690000000000007,0.9471471322067571,0.9774480208532057,0.75,350,0.1
NaN,NaN,7195,4,100,0.2,0.9710000000000008,0.9491020282484635,0.9774480208532057,0.75,350,0.1
NaN,NaN,7195,4,100,0.2,0.9730000000000008,0.9510569242901699,0.9774480208532057,0.75,350,0.1
NaN,NaN,7195,4,100,0.2,0.9750000000000008,0.9530118203318763,0.9774480208532057,0.75,350,0.1
NaN,NaN,7195,4,100,0.2,0.9770000000000008,0.9549667163735827,0.9774480208532057,0.75,350,0.1
NaN,NaN,7195,4,100,0.2,0.9790000000000008,0.9569216124152892,0.9774480208532057,0.75,350,0.1
NaN,NaN,7195,4,100,0.2,0.9810000000000008,0.9588765084569956,0.9774480208532057,0.75,350,0.1
NaN,NaN,7195,4,100,0.2,0.9830000000000008,0.960831404498702,0.9774480208532057,0.75,350,0.1
NaN,NaN,7195,4,100,0.2,0.9850000000000008,0.9627863005404084,0.9774480208532057,0.75,350,0.1
NaN,NaN,7195,4,100,0.2,0.9870000000000008,0.9647411965821148,0.9774480208532057,0.75,350,0.1
NaN,NaN,7195,4,100,0.2,0.9890000000000008,0.9666960926238212,0.9774480208532057,0.75,350,0.1
NaN,NaN,7195,4,100,0.2,0.9910000000000008,0.9686509886655276,0.9774480208532057,0.75,350,0.1
NaN,NaN,7195,4,100,0.2,0.9930000000000008,0.970605884707234,0.9774480208532057,0.75,350,0.1
NaN,NaN,7195,4,100,0.2,0.9950000000000008,0.9725607807489405,0.9774480208532057,0.75,350,0.1
NaN,NaN,7195,4,100,0.2,0.9970000000000008,0.9745156767906469,0.9774480208532057,0.75,350,0.1
NaN,NaN,7195,4,100,0.2,0.9990000000000008,0.9764705728323533,0.9774480208532057,0.75,350,0.1
