3.98946110287,25.2051392918,2515.0,2.0,0.0,0.0,0.2,True,0.25,0.75,350.0,0.01
3.94235643108,23.6103030224,2515.0,2.0,0.0,0.0,0.2,True,0.25,0.75,350.0,0.02
3.92801524233,23.698613226,2515.0,2.0,0.0,0.0,0.2,True,0.25,0.75,350.0,0.03
4.25649694627,24.6189377654,2515.0,2.0,0.0,0.0,0.2,True,0.25,0.75,350.0,0.04
4.4210344794,24.0761652734,2515.0,2.0,0.0,0.0,0.2,True,0.25,0.75,350.0,0.05
4.02335115477,24.7889080232,2515.0,2.0,0.0,0.0,0.2,True,0.25,0.75,350.0,0.06
3.97600038,23.8844075302,2515.0,2.0,0.0,0.0,0.2,True,0.25,0.75,350.0,0.07
4.24285785488,24.9162583888,2515.0,2.0,0.0,0.0,0.2,True,0.25,0.75,350.0,0.08
4.02999498959,23.7513465344,2515.0,2.0,0.0,0.0,0.2,True,0.25,0.75,350.0,0.09
3.91860035379,24.0739136125,2515.0,2.0,0.0,0.0,0.2,True,0.25,0.75,350.0,0.1
4.2228244238,23.6848334624,2515.0,2.0,0.0,0.0,0.2,True,0.25,0.75,350.0,0.11
3.95424479994,24.6037759302,2515.0,2.0,0.0,0.0,0.2,True,0.25,0.75,350.0,0.12
4.03864603694,24.3553572867,2515.0,2.0,0.0,0.0,0.2,True,0.25,0.75,350.0,0.13
3.77351826706,25.2548919123,2515.0,2.0,0.0,0.0,0.2,True,0.25,0.75,350.0,0.14
4.37258773978,25.1848874327,2515.0,2.0,0.0,0.0,0.2,True,0.25,0.75,350.0,0.15
4.15303124111,24.4335136011,2515.0,2.0,0.0,0.0,0.2,True,0.25,0.75,350.0,0.16
3.97665094138,23.8656345802,2515.0,2.0,0.0,0.0,0.2,True,0.25,0.75,350.0,0.17
4.03035809956,23.9686277336,2515.0,2.0,0.0,0.0,0.2,True,0.25,0.75,350.0,0.18
4.35544945157,25.1703886387,2515.0,2.0,0.0,0.0,0.2,True,0.25,0.75,350.0,0.19
4.0665990087,24.4802080166,2515.0,2.0,0.0,0.0,0.2,True,0.25,0.75,350.0,0.2
3.92814978396,24.975554801,2515.0,2.0,0.0,0.0,0.2,True,0.25,0.75,350.0,0.21
3.95530992108,24.803568468,2515.0,2.0,0.0,0.0,0.2,True,0.25,0.75,350.0,0.22
4.18943796254,23.2314969157,2515.0,2.0,0.0,0.0,0.2,True,0.25,0.75,350.0,0.23
3.91284487341,24.2391309795,2515.0,2.0,0.0,0.0,0.2,True,0.25,0.75,350.0,0.24
4.23504670649,25.0691327677,2515.0,2.0,0.0,0.0,0.2,True,0.25,0.75,350.0,0.25
3.90905836258,24.7515677574,2515.0,2.0,0.0,0.0,0.2,True,0.25,0.75,350.0,0.26
4.08856381662,24.4934915161,2515.0,2.0,0.0,0.0,0.2,True,0.25,0.75,350.0,0.27
3.94578664988,23.4840030308,2515.0,2.0,0.0,0.0,0.2,True,0.25,0.75,350.0,0.28
4.28941738844,25.507869156,2515.0,2.0,0.0,0.0,0.2,True,0.25,0.75,350.0,0.29
4.23947731511,23.2276023333,2515.0,2.0,0.0,0.0,0.2,True,0.25,0.75,350.0,0.3
4.00340293068,24.1954965303,2515.0,2.0,0.0,0.0,0.2,True,0.25,0.75,350.0,0.31
3.80426068569,24.3129663367,2515.0,2.0,0.0,0.0,0.2,True,0.25,0.75,350.0,0.32
4.48758412574,24.4509403461,2515.0,2.0,0.0,0.0,0.2,True,0.25,0.75,350.0,0.33
3.81462652702,23.6649193134,2515.0,2.0,0.0,0.0,0.2,True,0.25,0.75,350.0,0.34
4.16160748397,24.2620816591,2515.0,2.0,0.0,0.0,0.2,True,0.25,0.75,350.0,0.35
4.10461194484,24.7440744638,2515.0,2.0,0.0,0.0,0.2,True,0.25,0.75,350.0,0.36
4.1280161873,24.7337012518,2515.0,2.0,0.0,0.0,0.2,True,0.25,0.75,350.0,0.37
3.75155755457,24.1704451596,2515.0,2.0,0.0,0.0,0.2,True,0.25,0.75,350.0,0.38
4.08538672936,23.3165259194,2515.0,2.0,0.0,0.0,0.2,True,0.25,0.75,350.0,0.39
4.2014911452,24.9548222701,2515.0,2.0,0.0,0.0,0.2,True,0.25,0.75,350.0,0.4
4.26688943537,24.8864576396,2515.0,2.0,0.0,0.0,0.2,True,0.25,0.75,350.0,0.41
4.30680589533,24.3802190571,2515.0,2.0,0.0,0.0,0.2,True,0.25,0.75,350.0,0.42
4.0336126812,24.3323375401,2515.0,2.0,0.0,0.0,0.2,True,0.25,0.75,350.0,0.43
4.01407793917,25.0199466605,2515.0,2.0,0.0,0.0,0.2,True,0.25,0.75,350.0,0.44
4.37876308412,24.7194395253,2515.0,2.0,0.0,0.0,0.2,True,0.25,0.75,350.0,0.45
4.11367576111,23.8563982743,2515.0,2.0,0.0,0.0,0.2,True,0.25,0.75,350.0,0.46
4.19576745106,24.0563273854,2515.0,2.0,0.0,0.0,0.2,True,0.25,0.75,350.0,0.47
4.09746911539,24.2127203404,2515.0,2.0,0.0,0.0,0.2,True,0.25,0.75,350.0,0.48
4.16870354473,24.8649262861,2515.0,2.0,0.0,0.0,0.2,True,0.25,0.75,350.0,0.49
4.04467922342,23.8372583538,2515.0,2.0,0.0,0.0,0.2,True,0.25,0.75,350.0,0.5
4.19152414172,23.8220719124,2515.0,2.0,0.0,0.0,0.2,True,0.25,0.75,350.0,0.51
4.23822033058,25.3028024252,2515.0,2.0,0.0,0.0,0.2,True,0.25,0.75,350.0,0.52
4.33649975295,24.3170479612,2515.0,2.0,0.0,0.0,0.2,True,0.25,0.75,350.0,0.53
3.80381400217,24.0814683677,2515.0,2.0,0.0,0.0,0.2,True,0.25,0.75,350.0,0.54
3.81181582633,25.3359170297,2515.0,2.0,0.0,0.0,0.2,True,0.25,0.75,350.0,0.55
3.7399767039,23.9655435397,2515.0,2.0,0.0,0.0,0.2,True,0.25,0.75,350.0,0.56
4.13410849162,24.8826534007,2515.0,2.0,0.0,0.0,0.2,True,0.25,0.75,350.0,0.57
4.40078597578,24.0006216903,2515.0,2.0,0.0,0.0,0.2,True,0.25,0.75,350.0,0.58
3.98759805414,24.1386707919,2515.0,2.0,0.0,0.0,0.2,True,0.25,0.75,350.0,0.59
4.06965516966,24.947361614,2515.0,2.0,0.0,0.0,0.2,True,0.25,0.75,350.0,0.6
4.05459648749,24.2046920079,2515.0,2.0,0.0,0.0,0.2,True,0.25,0.75,350.0,0.61
4.45424421492,23.977691462,2515.0,2.0,0.0,0.0,0.2,True,0.25,0.75,350.0,0.62
4.01068972143,23.5265819284,2515.0,2.0,0.0,0.0,0.2,True,0.25,0.75,350.0,0.63
4.02111803372,23.9781899965,2515.0,2.0,0.0,0.0,0.2,True,0.25,0.75,350.0,0.64
4.14116221691,25.0050229414,2515.0,2.0,0.0,0.0,0.2,True,0.25,0.75,350.0,0.65
3.97533254075,24.193791627,2515.0,2.0,0.0,0.0,0.2,True,0.25,0.75,350.0,0.66
4.31706175394,24.2618030059,2515.0,2.0,0.0,0.0,0.2,True,0.25,0.75,350.0,0.67
4.0280120874,23.3680312539,2515.0,2.0,0.0,0.0,0.2,True,0.25,0.75,350.0,0.68
4.2899277242,24.4524604327,2515.0,2.0,0.0,0.0,0.2,True,0.25,0.75,350.0,0.69
4.27196409212,24.8544180866,2515.0,2.0,0.0,0.0,0.2,True,0.25,0.75,350.0,0.7
4.39598412618,24.2285601523,2515.0,2.0,0.0,0.0,0.2,True,0.25,0.75,350.0,0.71
4.05683734165,24.771821102,2515.0,2.0,0.0,0.0,0.2,True,0.25,0.75,350.0,0.72
4.43056729633,24.4299642136,2515.0,2.0,0.0,0.0,0.2,True,0.25,0.75,350.0,0.73
4.00938646783,25.427793118,2515.0,2.0,0.0,0.0,0.2,True,0.25,0.75,350.0,0.74
4.20737175972,25.2720040483,2515.0,2.0,0.0,0.0,0.2,True,0.25,0.75,350.0,0.75
4.16969323153,24.8211011339,2515.0,2.0,0.0,0.0,0.2,True,0.25,0.75,350.0,0.76
3.99788527278,24.9948909373,2515.0,2.0,0.0,0.0,0.2,True,0.25,0.75,350.0,0.77
4.13985938963,24.5729612021,2515.0,2.0,0.0,0.0,0.2,True,0.25,0.75,350.0,0.78
4.38775193131,25.1982573782,2515.0,2.0,0.0,0.0,0.2,True,0.25,0.75,350.0,0.79
4.32672679352,24.5501188906,2515.0,2.0,0.0,0.0,0.2,True,0.25,0.75,350.0,0.8
4.06479757879,24.2057579162,2515.0,2.0,0.0,0.0,0.2,True,0.25,0.75,350.0,0.81
4.03804766174,24.5885161302,2515.0,2.0,0.0,0.0,0.2,True,0.25,0.75,350.0,0.82
4.1622949324,24.2651006758,2515.0,2.0,0.0,0.0,0.2,True,0.25,0.75,350.0,0.83
4.11274002306,23.4276733559,2515.0,2.0,0.0,0.0,0.2,True,0.25,0.75,350.0,0.84
4.38842193667,23.9559830372,2515.0,2.0,0.0,0.0,0.2,True,0.25,0.75,350.0,0.85
4.02271892323,23.7239418744,2515.0,2.0,0.0,0.0,0.2,True,0.25,0.75,350.0,0.86
4.00485144525,23.9471053901,2515.0,2.0,0.0,0.0,0.2,True,0.25,0.75,350.0,0.87
4.21096638899,24.825841593,2515.0,2.0,0.0,0.0,0.2,True,0.25,0.75,350.0,0.88
4.21608670823,24.0727058879,2515.0,2.0,0.0,0.0,0.2,True,0.25,0.75,350.0,0.89
4.04651508265,23.3854536392,2515.0,2.0,0.0,0.0,0.2,True,0.25,0.75,350.0,0.9
4.62970172552,25.0019886368,2515.0,2.0,0.0,0.0,0.2,True,0.25,0.75,350.0,0.91
4.25817723769,25.0317040145,2515.0,2.0,0.0,0.0,0.2,True,0.25,0.75,350.0,0.92
4.48115805314,25.1683422393,2515.0,2.0,0.0,0.0,0.2,True,0.25,0.75,350.0,0.93
3.94340519265,24.4648309757,2515.0,2.0,0.0,0.0,0.2,True,0.25,0.75,350.0,0.94
3.88326155421,23.8612414192,2515.0,2.0,0.0,0.0,0.2,True,0.25,0.75,350.0,0.95
4.14017879506,25.528468744,2515.0,2.0,0.0,0.0,0.2,True,0.25,0.75,350.0,0.96
4.20026253398,25.0163051168,2515.0,2.0,0.0,0.0,0.2,True,0.25,0.75,350.0,0.97
4.36232158968,24.6830078747,2515.0,2.0,0.0,0.0,0.2,True,0.25,0.75,350.0,0.98
3.93814763465,25.0556504485,2515.0,2.0,0.0,0.0,0.2,True,0.25,0.75,350.0,0.99
4.05617385653,24.204370323,2515.0,2.0,0.0,0.0,0.2,True,0.25,0.75,350.0,0.01
4.2237777626,23.9282375539,2515.0,2.0,0.0,0.0,0.2,True,0.25,0.75,350.0,0.02
4.09745596517,25.2192524259,2515.0,2.0,0.0,0.0,0.2,True,0.25,0.75,350.0,0.03
3.86393842715,23.8830059386,2515.0,2.0,0.0,0.0,0.2,True,0.25,0.75,350.0,0.04
4.15452839861,23.8740121979,2515.0,2.0,0.0,0.0,0.2,True,0.25,0.75,350.0,0.05
4.26997542554,24.692281935,2515.0,2.0,0.0,0.0,0.2,True,0.25,0.75,350.0,0.06
4.55335003428,24.5750704642,2515.0,2.0,0.0,0.0,0.2,True,0.25,0.75,350.0,0.07
4.21579178529,24.6288654372,2515.0,2.0,0.0,0.0,0.2,True,0.25,0.75,350.0,0.08
3.9845651679,23.5361107534,2515.0,2.0,0.0,0.0,0.2,True,0.25,0.75,350.0,0.09
4.1020678057,24.3098743069,2515.0,2.0,0.0,0.0,0.2,True,0.25,0.75,350.0,0.1
3.93603667674,23.5800681478,2515.0,2.0,0.0,0.0,0.2,True,0.25,0.75,350.0,0.11
4.26462805003,24.9455485528,2515.0,2.0,0.0,0.0,0.2,True,0.25,0.75,350.0,0.12
4.11309045035,24.9157775226,2515.0,2.0,0.0,0.0,0.2,True,0.25,0.75,350.0,0.13
4.11220454196,24.8116634576,2515.0,2.0,0.0,0.0,0.2,True,0.25,0.75,350.0,0.14
4.01119070272,24.2906534784,2515.0,2.0,0.0,0.0,0.2,True,0.25,0.75,350.0,0.15
4.40707202869,24.822470525,2515.0,2.0,0.0,0.0,0.2,True,0.25,0.75,350.0,0.16
4.29733413198,24.4920567974,2515.0,2.0,0.0,0.0,0.2,True,0.25,0.75,350.0,0.17
3.78290840029,24.8009991966,2515.0,2.0,0.0,0.0,0.2,True,0.25,0.75,350.0,0.18
4.11639916261,24.7062619372,2515.0,2.0,0.0,0.0,0.2,True,0.25,0.75,350.0,0.19
3.86011501223,24.9547545746,2515.0,2.0,0.0,0.0,0.2,True,0.25,0.75,350.0,0.2
4.1304066101,23.9998159737,2515.0,2.0,0.0,0.0,0.2,True,0.25,0.75,350.0,0.21
4.17891237193,24.1576199898,2515.0,2.0,0.0,0.0,0.2,True,0.25,0.75,350.0,0.22
3.9652022438,23.7050813921,2515.0,2.0,0.0,0.0,0.2,True,0.25,0.75,350.0,0.23
4.29941817071,24.663244533,2515.0,2.0,0.0,0.0,0.2,True,0.25,0.75,350.0,0.24
3.98308296448,24.2262876608,2515.0,2.0,0.0,0.0,0.2,True,0.25,0.75,350.0,0.25
4.04057802165,23.4676118557,2515.0,2.0,0.0,0.0,0.2,True,0.25,0.75,350.0,0.26
4.31444532823,24.6119762653,2515.0,2.0,0.0,0.0,0.2,True,0.25,0.75,350.0,0.27
3.57399967076,24.5135316679,2515.0,2.0,0.0,0.0,0.2,True,0.25,0.75,350.0,0.28
4.22722639217,25.2481397039,2515.0,2.0,0.0,0.0,0.2,True,0.25,0.75,350.0,0.29
4.36774533283,23.8825257226,2515.0,2.0,0.0,0.0,0.2,True,0.25,0.75,350.0,0.3
4.32585085564,24.865242291,2515.0,2.0,0.0,0.0,0.2,True,0.25,0.75,350.0,0.31
4.29066248226,23.7266290498,2515.0,2.0,0.0,0.0,0.2,True,0.25,0.75,350.0,0.32
4.2166410126,24.3546354666,2515.0,2.0,0.0,0.0,0.2,True,0.25,0.75,350.0,0.33
4.46824091641,25.5604161773,2515.0,2.0,0.0,0.0,0.2,True,0.25,0.75,350.0,0.34
4.1851974228,25.4063626162,2515.0,2.0,0.0,0.0,0.2,True,0.25,0.75,350.0,0.35
4.08568862023,23.9566475535,2515.0,2.0,0.0,0.0,0.2,True,0.25,0.75,350.0,0.36
3.67173628755,23.7926069021,2515.0,2.0,0.0,0.0,0.2,True,0.25,0.75,350.0,0.37
4.08423920096,24.5764877426,2515.0,2.0,0.0,0.0,0.2,True,0.25,0.75,350.0,0.38
4.08143133469,24.6389961131,2515.0,2.0,0.0,0.0,0.2,True,0.25,0.75,350.0,0.39
4.14998710881,24.0099185209,2515.0,2.0,0.0,0.0,0.2,True,0.25,0.75,350.0,0.4
4.33066756735,24.7838104383,2515.0,2.0,0.0,0.0,0.2,True,0.25,0.75,350.0,0.41
4.07326081534,24.9380731579,2515.0,2.0,0.0,0.0,0.2,True,0.25,0.75,350.0,0.42
3.790932846,24.8516160167,2515.0,2.0,0.0,0.0,0.2,True,0.25,0.75,350.0,0.43
4.15037637346,24.1285584535,2515.0,2.0,0.0,0.0,0.2,True,0.25,0.75,350.0,0.44
4.03185629877,24.89349684,2515.0,2.0,0.0,0.0,0.2,True,0.25,0.75,350.0,0.45
4.15978249564,24.1688655455,2515.0,2.0,0.0,0.0,0.2,True,0.25,0.75,350.0,0.46
4.13240907038,24.7398857867,2515.0,2.0,0.0,0.0,0.2,True,0.25,0.75,350.0,0.47
4.35879072553,24.9074177672,2515.0,2.0,0.0,0.0,0.2,True,0.25,0.75,350.0,0.48
4.29632760704,23.3953967938,2515.0,2.0,0.0,0.0,0.2,True,0.25,0.75,350.0,0.49
3.85757630269,23.5750989598,2515.0,2.0,0.0,0.0,0.2,True,0.25,0.75,350.0,0.5
4.28403743558,24.6769011978,2515.0,2.0,0.0,0.0,0.2,True,0.25,0.75,350.0,0.51
3.94432645491,24.4234160335,2515.0,2.0,0.0,0.0,0.2,True,0.25,0.75,350.0,0.52
3.96726739708,23.4365363269,2515.0,2.0,0.0,0.0,0.2,True,0.25,0.75,350.0,0.53
4.28642723427,24.8728712468,2515.0,2.0,0.0,0.0,0.2,True,0.25,0.75,350.0,0.54
4.28863504763,24.2846600805,2515.0,2.0,0.0,0.0,0.2,True,0.25,0.75,350.0,0.55
4.09943747818,23.839512956,2515.0,2.0,0.0,0.0,0.2,True,0.25,0.75,350.0,0.56
4.13316802613,24.7908775683,2515.0,2.0,0.0,0.0,0.2,True,0.25,0.75,350.0,0.57
4.02855189832,24.4528556481,2515.0,2.0,0.0,0.0,0.2,True,0.25,0.75,350.0,0.58
4.03179677935,24.2076614774,2515.0,2.0,0.0,0.0,0.2,True,0.25,0.75,350.0,0.59
3.94355296234,24.9287381676,2515.0,2.0,0.0,0.0,0.2,True,0.25,0.75,350.0,0.6
4.06206062198,25.161715612,2515.0,2.0,0.0,0.0,0.2,True,0.25,0.75,350.0,0.61
4.20846800408,24.3563633569,2515.0,2.0,0.0,0.0,0.2,True,0.25,0.75,350.0,0.62
4.31932208285,24.3192799337,2515.0,2.0,0.0,0.0,0.2,True,0.25,0.75,350.0,0.63
3.95209440483,23.6546729298,2515.0,2.0,0.0,0.0,0.2,True,0.25,0.75,350.0,0.64
4.04834576808,24.0078360558,2515.0,2.0,0.0,0.0,0.2,True,0.25,0.75,350.0,0.65
3.96538196712,25.2561809672,2515.0,2.0,0.0,0.0,0.2,True,0.25,0.75,350.0,0.66
4.22660994539,23.380338346,2515.0,2.0,0.0,0.0,0.2,True,0.25,0.75,350.0,0.67
3.98744642121,23.9334546395,2515.0,2.0,0.0,0.0,0.2,True,0.25,0.75,350.0,0.68
4.16996206422,25.1516811319,2515.0,2.0,0.0,0.0,0.2,True,0.25,0.75,350.0,0.69
4.07671213976,24.6910952221,2515.0,2.0,0.0,0.0,0.2,True,0.25,0.75,350.0,0.7
4.30201069817,24.0274134649,2515.0,2.0,0.0,0.0,0.2,True,0.25,0.75,350.0,0.71
4.08502007757,25.4226110769,2515.0,2.0,0.0,0.0,0.2,True,0.25,0.75,350.0,0.72
4.38245069143,25.8452621843,2515.0,2.0,0.0,0.0,0.2,True,0.25,0.75,350.0,0.73
4.03917342208,25.0307249625,2515.0,2.0,0.0,0.0,0.2,True,0.25,0.75,350.0,0.74
4.31200842786,23.6545893352,2515.0,2.0,0.0,0.0,0.2,True,0.25,0.75,350.0,0.75
4.17102017135,24.0079661626,2515.0,2.0,0.0,0.0,0.2,True,0.25,0.75,350.0,0.76
4.2423441804,23.6762273266,2515.0,2.0,0.0,0.0,0.2,True,0.25,0.75,350.0,0.77
4.56242020167,25.1151026495,2515.0,2.0,0.0,0.0,0.2,True,0.25,0.75,350.0,0.78
4.25088956435,24.6374828682,2515.0,2.0,0.0,0.0,0.2,True,0.25,0.75,350.0,0.79
4.19671727892,24.5600145419,2515.0,2.0,0.0,0.0,0.2,True,0.25,0.75,350.0,0.8
3.99001716591,24.8814777513,2515.0,2.0,0.0,0.0,0.2,True,0.25,0.75,350.0,0.81
4.25910364714,24.5120665392,2515.0,2.0,0.0,0.0,0.2,True,0.25,0.75,350.0,0.82
4.13878133786,24.1335936934,2515.0,2.0,0.0,0.0,0.2,True,0.25,0.75,350.0,0.83
4.41153627113,23.5277169353,2515.0,2.0,0.0,0.0,0.2,True,0.25,0.75,350.0,0.84
4.11823617395,24.3353657396,2515.0,2.0,0.0,0.0,0.2,True,0.25,0.75,350.0,0.85
4.21380268579,23.9126546439,2515.0,2.0,0.0,0.0,0.2,True,0.25,0.75,350.0,0.86
4.11704233702,23.6694023415,2515.0,2.0,0.0,0.0,0.2,True,0.25,0.75,350.0,0.87
3.93125437084,24.4387304588,2515.0,2.0,0.0,0.0,0.2,True,0.25,0.75,350.0,0.88
4.28738578636,24.3214886074,2515.0,2.0,0.0,0.0,0.2,True,0.25,0.75,350.0,0.89
3.81338777564,24.4417294774,2515.0,2.0,0.0,0.0,0.2,True,0.25,0.75,350.0,0.9
4.10980181966,24.9054948134,2515.0,2.0,0.0,0.0,0.2,True,0.25,0.75,350.0,0.91
4.18961798485,23.8599379202,2515.0,2.0,0.0,0.0,0.2,True,0.25,0.75,350.0,0.92
4.06248954509,23.5686867701,2515.0,2.0,0.0,0.0,0.2,True,0.25,0.75,350.0,0.93
4.09123243676,25.5418078983,2515.0,2.0,0.0,0.0,0.2,True,0.25,0.75,350.0,0.94
4.09250995305,24.7546954864,2515.0,2.0,0.0,0.0,0.2,True,0.25,0.75,350.0,0.95
3.96416846798,23.6490009022,2515.0,2.0,0.0,0.0,0.2,True,0.25,0.75,350.0,0.96
4.06181809951,24.1526727135,2515.0,2.0,0.0,0.0,0.2,True,0.25,0.75,350.0,0.97
4.18860117975,24.7657938926,2515.0,2.0,0.0,0.0,0.2,True,0.25,0.75,350.0,0.98
4.19970071997,24.6420360227,2515.0,2.0,0.0,0.0,0.2,True,0.25,0.75,350.0,0.99
4.10884977899,24.7799265236,2515.0,2.0,0.0,0.0,0.2,True,0.25,0.75,350.0,0.01
4.13376132729,24.2902217574,2515.0,2.0,0.0,0.0,0.2,True,0.25,0.75,350.0,0.02
4.63911505889,23.6041843823,2515.0,2.0,0.0,0.0,0.2,True,0.25,0.75,350.0,0.03
4.23474662339,24.7078733227,2515.0,2.0,0.0,0.0,0.2,True,0.25,0.75,350.0,0.04
3.85778258298,24.4503453051,2515.0,2.0,0.0,0.0,0.2,True,0.25,0.75,350.0,0.05
4.29615604927,23.8257475567,2515.0,2.0,0.0,0.0,0.2,True,0.25,0.75,350.0,0.06
4.25816456618,24.9316660144,2515.0,2.0,0.0,0.0,0.2,True,0.25,0.75,350.0,0.07
4.11420295307,24.7176222649,2515.0,2.0,0.0,0.0,0.2,True,0.25,0.75,350.0,0.08
4.12002308864,24.0295938693,2515.0,2.0,0.0,0.0,0.2,True,0.25,0.75,350.0,0.09
4.30204853593,26.7402390627,2515.0,2.0,0.0,0.0,0.2,True,0.25,0.75,350.0,0.1
4.14711093756,23.9609374065,2515.0,2.0,0.0,0.0,0.2,True,0.25,0.75,350.0,0.11
4.54504925704,25.0208895192,2515.0,2.0,0.0,0.0,0.2,True,0.25,0.75,350.0,0.12
3.98121631164,24.3877592758,2515.0,2.0,0.0,0.0,0.2,True,0.25,0.75,350.0,0.13
3.95331051941,23.8382607754,2515.0,2.0,0.0,0.0,0.2,True,0.25,0.75,350.0,0.14
4.23373309585,22.8772276664,2515.0,2.0,0.0,0.0,0.2,True,0.25,0.75,350.0,0.15
3.85620610335,24.4582608447,2515.0,2.0,0.0,0.0,0.2,True,0.25,0.75,350.0,0.16
4.04916788549,23.7925504876,2515.0,2.0,0.0,0.0,0.2,True,0.25,0.75,350.0,0.17
3.73880795099,24.3688251585,2515.0,2.0,0.0,0.0,0.2,True,0.25,0.75,350.0,0.18
4.21536508381,23.9583566327,2515.0,2.0,0.0,0.0,0.2,True,0.25,0.75,350.0,0.19
4.11716472957,24.2468621342,2515.0,2.0,0.0,0.0,0.2,True,0.25,0.75,350.0,0.2
3.90792151649,24.1484521917,2515.0,2.0,0.0,0.0,0.2,True,0.25,0.75,350.0,0.21
3.91407369497,23.996683837,2515.0,2.0,0.0,0.0,0.2,True,0.25,0.75,350.0,0.22
4.16324202867,24.7685240736,2515.0,2.0,0.0,0.0,0.2,True,0.25,0.75,350.0,0.23
4.13455240602,24.1149126195,2515.0,2.0,0.0,0.0,0.2,True,0.25,0.75,350.0,0.24
4.01637146841,24.1894078362,2515.0,2.0,0.0,0.0,0.2,True,0.25,0.75,350.0,0.25
4.40322900939,24.3923828041,2515.0,2.0,0.0,0.0,0.2,True,0.25,0.75,350.0,0.26
4.09650591446,23.4978946694,2515.0,2.0,0.0,0.0,0.2,True,0.25,0.75,350.0,0.27
4.08395053928,23.2846306113,2515.0,2.0,0.0,0.0,0.2,True,0.25,0.75,350.0,0.28
4.3016371797,24.3037438458,2515.0,2.0,0.0,0.0,0.2,True,0.25,0.75,350.0,0.29
4.0834755861,24.9937656158,2515.0,2.0,0.0,0.0,0.2,True,0.25,0.75,350.0,0.3
4.19856581981,24.4492835387,2515.0,2.0,0.0,0.0,0.2,True,0.25,0.75,350.0,0.31
4.11622870936,24.7796578721,2515.0,2.0,0.0,0.0,0.2,True,0.25,0.75,350.0,0.32
4.2161952027,24.560012838,2515.0,2.0,0.0,0.0,0.2,True,0.25,0.75,350.0,0.33
3.86719490224,23.4732784822,2515.0,2.0,0.0,0.0,0.2,True,0.25,0.75,350.0,0.34
3.97458004007,24.2948826141,2515.0,2.0,0.0,0.0,0.2,True,0.25,0.75,350.0,0.35
4.32403779965,24.2272424054,2515.0,2.0,0.0,0.0,0.2,True,0.25,0.75,350.0,0.36
4.46068390699,25.2823658311,2515.0,2.0,0.0,0.0,0.2,True,0.25,0.75,350.0,0.37
3.77115825215,23.7276796021,2515.0,2.0,0.0,0.0,0.2,True,0.25,0.75,350.0,0.38
4.37314541096,24.9739474298,2515.0,2.0,0.0,0.0,0.2,True,0.25,0.75,350.0,0.39
4.7046272267,25.1058279963,2515.0,2.0,0.0,0.0,0.2,True,0.25,0.75,350.0,0.4
4.08993556897,24.5955685704,2515.0,2.0,0.0,0.0,0.2,True,0.25,0.75,350.0,0.41
4.31600757744,24.6940072902,2515.0,2.0,0.0,0.0,0.2,True,0.25,0.75,350.0,0.42
3.91509252204,24.4076367843,2515.0,2.0,0.0,0.0,0.2,True,0.25,0.75,350.0,0.43
3.84688301172,24.3770050849,2515.0,2.0,0.0,0.0,0.2,True,0.25,0.75,350.0,0.44
4.03889533066,25.0932487999,2515.0,2.0,0.0,0.0,0.2,True,0.25,0.75,350.0,0.45
4.30145980064,23.1942203695,2515.0,2.0,0.0,0.0,0.2,True,0.25,0.75,350.0,0.46
4.13015035367,24.6256552325,2515.0,2.0,0.0,0.0,0.2,True,0.25,0.75,350.0,0.47
4.15144545284,23.7575135122,2515.0,2.0,0.0,0.0,0.2,True,0.25,0.75,350.0,0.48
3.68011835247,24.0696080343,2515.0,2.0,0.0,0.0,0.2,True,0.25,0.75,350.0,0.49
4.02482160546,25.1590780132,2515.0,2.0,0.0,0.0,0.2,True,0.25,0.75,350.0,0.5
4.12043132546,24.7206528677,2515.0,2.0,0.0,0.0,0.2,True,0.25,0.75,350.0,0.51
4.33700845551,24.3677546651,2515.0,2.0,0.0,0.0,0.2,True,0.25,0.75,350.0,0.52
4.11106008452,25.404412919,2515.0,2.0,0.0,0.0,0.2,True,0.25,0.75,350.0,0.53
4.57024726782,24.6947182693,2515.0,2.0,0.0,0.0,0.2,True,0.25,0.75,350.0,0.54
4.0502083109,24.6190225883,2515.0,2.0,0.0,0.0,0.2,True,0.25,0.75,350.0,0.55
4.16690151492,24.6162103251,2515.0,2.0,0.0,0.0,0.2,True,0.25,0.75,350.0,0.56
3.91577765619,23.8945399222,2515.0,2.0,0.0,0.0,0.2,True,0.25,0.75,350.0,0.57
4.03751530361,24.5342156113,2515.0,2.0,0.0,0.0,0.2,True,0.25,0.75,350.0,0.58
4.23479035098,24.7522395253,2515.0,2.0,0.0,0.0,0.2,True,0.25,0.75,350.0,0.59
3.93373150515,23.6029237184,2515.0,2.0,0.0,0.0,0.2,True,0.25,0.75,350.0,0.6
3.92566911722,25.2265158432,2515.0,2.0,0.0,0.0,0.2,True,0.25,0.75,350.0,0.61
4.00067444591,23.8165491514,2515.0,2.0,0.0,0.0,0.2,True,0.25,0.75,350.0,0.62
4.12984016064,25.3545051078,2515.0,2.0,0.0,0.0,0.2,True,0.25,0.75,350.0,0.63
4.18625094832,24.2943270881,2515.0,2.0,0.0,0.0,0.2,True,0.25,0.75,350.0,0.64
4.33170069433,24.6358657834,2515.0,2.0,0.0,0.0,0.2,True,0.25,0.75,350.0,0.65
3.99777734655,24.5821936249,2515.0,2.0,0.0,0.0,0.2,True,0.25,0.75,350.0,0.66
4.07964126365,24.4940899885,2515.0,2.0,0.0,0.0,0.2,True,0.25,0.75,350.0,0.67
3.96294570054,25.5920359346,2515.0,2.0,0.0,0.0,0.2,True,0.25,0.75,350.0,0.68
4.12056392923,24.6620073528,2515.0,2.0,0.0,0.0,0.2,True,0.25,0.75,350.0,0.69
4.30709007764,25.0095620549,2515.0,2.0,0.0,0.0,0.2,True,0.25,0.75,350.0,0.7
3.90457293811,24.7454958671,2515.0,2.0,0.0,0.0,0.2,True,0.25,0.75,350.0,0.71
4.12174211489,25.2265611351,2515.0,2.0,0.0,0.0,0.2,True,0.25,0.75,350.0,0.72
4.18292892283,24.0917783921,2515.0,2.0,0.0,0.0,0.2,True,0.25,0.75,350.0,0.73
4.12589110619,23.8580691038,2515.0,2.0,0.0,0.0,0.2,True,0.25,0.75,350.0,0.74
4.34858040163,25.3578736761,2515.0,2.0,0.0,0.0,0.2,True,0.25,0.75,350.0,0.75
3.7467969069,24.2837522517,2515.0,2.0,0.0,0.0,0.2,True,0.25,0.75,350.0,0.76
4.10914444484,25.292078073,2515.0,2.0,0.0,0.0,0.2,True,0.25,0.75,350.0,0.77
4.22750289079,24.9407441625,2515.0,2.0,0.0,0.0,0.2,True,0.25,0.75,350.0,0.78
4.19615921714,24.1204639312,2515.0,2.0,0.0,0.0,0.2,True,0.25,0.75,350.0,0.79
4.39287822066,25.3810245739,2515.0,2.0,0.0,0.0,0.2,True,0.25,0.75,350.0,0.8
3.75770256835,24.6526644325,2515.0,2.0,0.0,0.0,0.2,True,0.25,0.75,350.0,0.81
4.26674126985,23.4869535977,2515.0,2.0,0.0,0.0,0.2,True,0.25,0.75,350.0,0.82
4.05438273066,24.247905176,2515.0,2.0,0.0,0.0,0.2,True,0.25,0.75,350.0,0.83
4.28676708353,24.1877080737,2515.0,2.0,0.0,0.0,0.2,True,0.25,0.75,350.0,0.84
4.29964645938,24.7709506977,2515.0,2.0,0.0,0.0,0.2,True,0.25,0.75,350.0,0.85
3.9108647081,23.7363685214,2515.0,2.0,0.0,0.0,0.2,True,0.25,0.75,350.0,0.86
4.43985940158,25.5662665026,2515.0,2.0,0.0,0.0,0.2,True,0.25,0.75,350.0,0.87
3.80860460104,24.6257699179,2515.0,2.0,0.0,0.0,0.2,True,0.25,0.75,350.0,0.88
4.22756441426,24.7412518173,2515.0,2.0,0.0,0.0,0.2,True,0.25,0.75,350.0,0.89
4.03833495063,24.8439343118,2515.0,2.0,0.0,0.0,0.2,True,0.25,0.75,350.0,0.9
4.09440438706,23.5536386351,2515.0,2.0,0.0,0.0,0.2,True,0.25,0.75,350.0,0.91
4.00321757635,24.5684152493,2515.0,2.0,0.0,0.0,0.2,True,0.25,0.75,350.0,0.92
4.11742927745,22.6725504534,2515.0,2.0,0.0,0.0,0.2,True,0.25,0.75,350.0,0.93
4.12876106883,23.9299888803,2515.0,2.0,0.0,0.0,0.2,True,0.25,0.75,350.0,0.94
4.19880425127,24.3841217797,2515.0,2.0,0.0,0.0,0.2,True,0.25,0.75,350.0,0.95
4.23260226309,24.6895240623,2515.0,2.0,0.0,0.0,0.2,True,0.25,0.75,350.0,0.96
3.96336391037,24.1563318772,2515.0,2.0,0.0,0.0,0.2,True,0.25,0.75,350.0,0.97
4.06594203996,23.5683881253,2515.0,2.0,0.0,0.0,0.2,True,0.25,0.75,350.0,0.98
4.26252575453,24.4319297038,2515.0,2.0,0.0,0.0,0.2,True,0.25,0.75,350.0,0.99
4.62574536472,18.3349168814,2515.0,2.0,1.0,10.0,0.2,True,0.25,0.75,350.0,0.01
2.58514178492,13.2634687037,2515.0,2.0,1.0,10.0,0.2,True,0.25,0.75,350.0,0.02
1.83642449174,8.44082261123,2515.0,2.0,1.0,10.0,0.2,True,0.25,0.75,350.0,0.03
1.10995529872,9.64499675349,2515.0,2.0,1.0,10.0,0.2,True,0.25,0.75,350.0,0.04
0.876928502351,8.22485948584,2515.0,2.0,1.0,10.0,0.2,True,0.25,0.75,350.0,0.05
1.29539896214,7.47085714162,2515.0,2.0,1.0,10.0,0.2,True,0.25,0.75,350.0,0.06
0.440704464467,9.45597566433,2515.0,2.0,1.0,10.0,0.2,True,0.25,0.75,350.0,0.07
1.18427481327,7.09542831301,2515.0,2.0,1.0,10.0,0.2,True,0.25,0.75,350.0,0.08
1.01472436994,8.59832503681,2515.0,2.0,1.0,10.0,0.2,True,0.25,0.75,350.0,0.09
1.13601991529,9.56991414602,2515.0,2.0,1.0,10.0,0.2,True,0.25,0.75,350.0,0.1
1.37195837946,9.39897667453,2515.0,2.0,1.0,10.0,0.2,True,0.25,0.75,350.0,0.11
2.29530686846,10.1554789529,2515.0,2.0,1.0,10.0,0.2,True,0.25,0.75,350.0,0.12
4.11447579656,12.8103740983,2515.0,2.0,1.0,10.0,0.2,True,0.25,0.75,350.0,0.13
1.25364299899,9.55713955701,2515.0,2.0,1.0,10.0,0.2,True,0.25,0.75,350.0,0.14
1.37330716287,10.7360542712,2515.0,2.0,1.0,10.0,0.2,True,0.25,0.75,350.0,0.15
0.916132885957,11.2720570723,2515.0,2.0,1.0,10.0,0.2,True,0.25,0.75,350.0,0.16
1.45537394753,12.1175609883,2515.0,2.0,1.0,10.0,0.2,True,0.25,0.75,350.0,0.17
3.89193762772,18.3417338848,2515.0,2.0,1.0,10.0,0.2,True,0.25,0.75,350.0,0.18
3.76621731802,18.8050336263,2515.0,2.0,1.0,10.0,0.2,True,0.25,0.75,350.0,0.19
2.3426413654,13.0313584089,2515.0,2.0,1.0,10.0,0.2,True,0.25,0.75,350.0,0.2
2.90221337459,17.4996001583,2515.0,2.0,1.0,10.0,0.2,True,0.25,0.75,350.0,0.22
3.39844292186,19.5710581582,2515.0,2.0,1.0,10.0,0.2,True,0.25,0.75,350.0,0.23
3.12707656474,22.5450058087,2515.0,2.0,1.0,10.0,0.2,True,0.25,0.75,350.0,0.24
4.53133837414,23.7404916618,2515.0,2.0,1.0,10.0,0.2,True,0.25,0.75,350.0,0.25
3.10952193201,20.226749716,2515.0,2.0,1.0,10.0,0.2,True,0.25,0.75,350.0,0.26
4.79310147645,26.9161061432,2515.0,2.0,1.0,10.0,0.2,True,0.25,0.75,350.0,0.27
4.25563711814,22.2725065862,2515.0,2.0,1.0,10.0,0.2,True,0.25,0.75,350.0,0.28
3.62038687204,24.6626521688,2515.0,2.0,1.0,10.0,0.2,True,0.25,0.75,350.0,0.29
3.90784732368,24.7803250069,2515.0,2.0,1.0,10.0,0.2,True,0.25,0.75,350.0,0.3
3.46379230742,22.3993232472,2515.0,2.0,1.0,10.0,0.2,True,0.25,0.75,350.0,0.32
1.7585318009,22.783779316,2515.0,2.0,1.0,10.0,0.2,True,0.25,0.75,350.0,0.33
3.52597952719,27.144342749,2515.0,2.0,1.0,10.0,0.2,True,0.25,0.75,350.0,0.35
2.05421492912,29.0271214131,2515.0,2.0,1.0,10.0,0.2,True,0.25,0.75,350.0,0.36
3.19506933326,26.0644768152,2515.0,2.0,1.0,10.0,0.2,True,0.25,0.75,350.0,0.37
4.52497136327,22.3274812195,2515.0,2.0,1.0,10.0,0.2,True,0.25,0.75,350.0,0.38
3.40387053608,23.7767066111,2515.0,2.0,1.0,10.0,0.2,True,0.25,0.75,350.0,0.39
3.09386566305,21.8401675164,2515.0,2.0,1.0,10.0,0.2,True,0.25,0.75,350.0,0.4
3.35318806974,24.2114929432,2515.0,2.0,1.0,10.0,0.2,True,0.25,0.75,350.0,0.41
3.00518484846,19.5388544047,2515.0,2.0,1.0,10.0,0.2,True,0.25,0.75,350.0,0.42
2.26664740075,22.7600226953,2515.0,2.0,1.0,10.0,0.2,True,0.25,0.75,350.0,0.43
1.34067249315,28.1926618099,2515.0,2.0,1.0,10.0,0.2,True,0.25,0.75,350.0,0.44
3.77806987057,25.2439886896,2515.0,2.0,1.0,10.0,0.2,True,0.25,0.75,350.0,0.45
2.61825287877,25.1454931169,2515.0,2.0,1.0,10.0,0.2,True,0.25,0.75,350.0,0.46
3.63992369007,23.1837923535,2515.0,2.0,1.0,10.0,0.2,True,0.25,0.75,350.0,0.47
2.91412748582,21.8562035491,2515.0,2.0,1.0,10.0,0.2,True,0.25,0.75,350.0,0.48
3.91081206527,23.3850272127,2515.0,2.0,1.0,10.0,0.2,True,0.25,0.75,350.0,0.49
3.86767305557,23.5894428384,2515.0,2.0,1.0,10.0,0.2,True,0.25,0.75,350.0,0.5
3.54521771162,26.2203276927,2515.0,2.0,1.0,10.0,0.2,True,0.25,0.75,350.0,0.51
2.82780551756,23.1028352104,2515.0,2.0,1.0,10.0,0.2,True,0.25,0.75,350.0,0.52
0.849218862326,26.489916588,2515.0,2.0,1.0,10.0,0.2,True,0.25,0.75,350.0,0.53
1.40453659043,24.0512863836,2515.0,2.0,1.0,10.0,0.2,True,0.25,0.75,350.0,0.54
2.18403666277,22.8426172225,2515.0,2.0,1.0,10.0,0.2,True,0.25,0.75,350.0,0.55
2.21181144657,24.8694099711,2515.0,2.0,1.0,10.0,0.2,True,0.25,0.75,350.0,0.56
2.65779829644,26.5391331845,2515.0,2.0,1.0,10.0,0.2,True,0.25,0.75,350.0,0.57
2.54193551648,24.7996219574,2515.0,2.0,1.0,10.0,0.2,True,0.25,0.75,350.0,0.58
0.67798489142,26.3906538678,2515.0,2.0,1.0,10.0,0.2,True,0.25,0.75,350.0,0.59
2.70728861302,28.4191961153,2515.0,2.0,1.0,10.0,0.2,True,0.25,0.75,350.0,0.6
4.35498977924,30.183259202,2515.0,2.0,1.0,10.0,0.2,True,0.25,0.75,350.0,0.61
2.1994249256,24.6279264341,2515.0,2.0,1.0,10.0,0.2,True,0.25,0.75,350.0,0.62
2.35817775003,23.6460416302,2515.0,2.0,1.0,10.0,0.2,True,0.25,0.75,350.0,0.63
2.6009975316,23.5601699392,2515.0,2.0,1.0,10.0,0.2,True,0.25,0.75,350.0,0.64
2.26059042794,22.3962950485,2515.0,2.0,1.0,10.0,0.2,True,0.25,0.75,350.0,0.65
3.61442410222,23.5397491821,2515.0,2.0,1.0,10.0,0.2,True,0.25,0.75,350.0,0.66
4.16229108142,26.3080495855,2515.0,2.0,1.0,10.0,0.2,True,0.25,0.75,350.0,0.67
3.2914143638,24.471538784,2515.0,2.0,1.0,10.0,0.2,True,0.25,0.75,350.0,0.68
2.98865572626,24.4910566594,2515.0,2.0,1.0,10.0,0.2,True,0.25,0.75,350.0,0.69
2.10185344655,24.3888768151,2515.0,2.0,1.0,10.0,0.2,True,0.25,0.75,350.0,0.7
3.37897370986,24.1531631371,2515.0,2.0,1.0,10.0,0.2,True,0.25,0.75,350.0,0.71
4.42458904458,25.7335941909,2515.0,2.0,1.0,10.0,0.2,True,0.25,0.75,350.0,0.72
2.54322574487,25.138507947,2515.0,2.0,1.0,10.0,0.2,True,0.25,0.75,350.0,0.73
0.937559380594,31.8898175207,2515.0,2.0,1.0,10.0,0.2,True,0.25,0.75,350.0,0.74
1.91410784211,23.4873737704,2515.0,2.0,1.0,10.0,0.2,True,0.25,0.75,350.0,0.75
1.92712909347,23.8131996686,2515.0,2.0,1.0,10.0,0.2,True,0.25,0.75,350.0,0.76
2.8889533201,20.886546454,2515.0,2.0,1.0,10.0,0.2,True,0.25,0.75,350.0,0.77
3.53149646396,24.1705005497,2515.0,2.0,1.0,10.0,0.2,True,0.25,0.75,350.0,0.78
3.53258717105,23.7148465904,2515.0,2.0,1.0,10.0,0.2,True,0.25,0.75,350.0,0.79
2.22025875769,21.7393261269,2515.0,2.0,1.0,10.0,0.2,True,0.25,0.75,350.0,0.8
2.62867578868,23.6891546379,2515.0,2.0,1.0,10.0,0.2,True,0.25,0.75,350.0,0.81
2.7842196637,22.418820714,2515.0,2.0,1.0,10.0,0.2,True,0.25,0.75,350.0,0.82
2.89415954517,22.0771556279,2515.0,2.0,1.0,10.0,0.2,True,0.25,0.75,350.0,0.83
3.50474451147,23.5233728967,2515.0,2.0,1.0,10.0,0.2,True,0.25,0.75,350.0,0.84
2.43110701139,22.6893028239,2515.0,2.0,1.0,10.0,0.2,True,0.25,0.75,350.0,0.85
3.05262465216,22.7144235034,2515.0,2.0,1.0,10.0,0.2,True,0.25,0.75,350.0,0.86
3.4519828783,26.4365111406,2515.0,2.0,1.0,10.0,0.2,True,0.25,0.75,350.0,0.87
2.59608092082,22.3365583435,2515.0,2.0,1.0,10.0,0.2,True,0.25,0.75,350.0,0.88
4.60190482331,23.8329660218,2515.0,2.0,1.0,10.0,0.2,True,0.25,0.75,350.0,0.89
2.31782455766,25.2642971345,2515.0,2.0,1.0,10.0,0.2,True,0.25,0.75,350.0,0.9
2.60786001315,22.1800190438,2515.0,2.0,1.0,10.0,0.2,True,0.25,0.75,350.0,0.91
2.28255275626,22.5057241621,2515.0,2.0,1.0,10.0,0.2,True,0.25,0.75,350.0,0.92
2.9194391171,21.6934284159,2515.0,2.0,1.0,10.0,0.2,True,0.25,0.75,350.0,0.93
3.53770270667,25.137696329,2515.0,2.0,1.0,10.0,0.2,True,0.25,0.75,350.0,0.94
2.6179859588,24.5411056438,2515.0,2.0,1.0,10.0,0.2,True,0.25,0.75,350.0,0.95
2.94250460514,25.2609724875,2515.0,2.0,1.0,10.0,0.2,True,0.25,0.75,350.0,0.96
1.77918786581,27.7842236894,2515.0,2.0,1.0,10.0,0.2,True,0.25,0.75,350.0,0.97
2.56260864685,23.9580568482,2515.0,2.0,1.0,10.0,0.2,True,0.25,0.75,350.0,0.98
2.75822519268,25.5652304235,2515.0,2.0,1.0,10.0,0.2,True,0.25,0.75,350.0,0.99
4.76482080994,18.4755235752,2515.0,2.0,1.0,20.0,0.2,True,0.25,0.75,350.0,0.01
2.61867263054,14.1314260719,2515.0,2.0,1.0,20.0,0.2,True,0.25,0.75,350.0,0.02
1.73412485745,9.12237381688,2515.0,2.0,1.0,20.0,0.2,True,0.25,0.75,350.0,0.03
1.32067860808,7.48452031708,2515.0,2.0,1.0,20.0,0.2,True,0.25,0.75,350.0,0.04
1.67975787155,7.13104341111,2515.0,2.0,1.0,20.0,0.2,True,0.25,0.75,350.0,0.05
1.37170538092,7.30962738016,2515.0,2.0,1.0,20.0,0.2,True,0.25,0.75,350.0,0.06
1.12607014681,7.31633076918,2515.0,2.0,1.0,20.0,0.2,True,0.25,0.75,350.0,0.07
1.13218052261,7.53341804174,2515.0,2.0,1.0,20.0,0.2,True,0.25,0.75,350.0,0.08
1.25590973251,7.75350530217,2515.0,2.0,1.0,20.0,0.2,True,0.25,0.75,350.0,0.09
1.06812064553,7.50740163778,2515.0,2.0,1.0,20.0,0.2,True,0.25,0.75,350.0,0.1
0.851426054557,7.74468646708,2515.0,2.0,1.0,20.0,0.2,True,0.25,0.75,350.0,0.11
1.18588912468,7.67796257498,2515.0,2.0,1.0,20.0,0.2,True,0.25,0.75,350.0,0.12
1.21537698931,7.8943454684,2515.0,2.0,1.0,20.0,0.2,True,0.25,0.75,350.0,0.13
1.3370834206,7.50978685604,2515.0,2.0,1.0,20.0,0.2,True,0.25,0.75,350.0,0.14
1.29564021736,7.49724564,2515.0,2.0,1.0,20.0,0.2,True,0.25,0.75,350.0,0.15
2.34586061718,19.8486376502,2515.0,2.0,1.0,20.0,0.2,True,0.25,0.75,350.0,0.16
1.92784830901,9.59652800886,2515.0,2.0,1.0,20.0,0.2,True,0.25,0.75,350.0,0.17
1.44675992399,8.49180784958,2515.0,2.0,1.0,20.0,0.2,True,0.25,0.75,350.0,0.18
1.5803379926,9.37073151677,2515.0,2.0,1.0,20.0,0.2,True,0.25,0.75,350.0,0.19
1.86400996847,11.1324203127,2515.0,2.0,1.0,20.0,0.2,True,0.25,0.75,350.0,0.2
2.82580055387,17.9801636273,2515.0,2.0,1.0,20.0,0.2,True,0.25,0.75,350.0,0.21
4.53119506094,22.5133738874,2515.0,2.0,1.0,20.0,0.2,True,0.25,0.75,350.0,0.22
2.27016061186,14.746683056,2515.0,2.0,1.0,20.0,0.2,True,0.25,0.75,350.0,0.23
3.55193382604,18.7223437123,2515.0,2.0,1.0,20.0,0.2,True,0.25,0.75,350.0,0.24
2.49823988801,16.1011872485,2515.0,2.0,1.0,20.0,0.2,True,0.25,0.75,350.0,0.25
4.16612027962,23.5277449757,2515.0,2.0,1.0,20.0,0.2,True,0.25,0.75,350.0,0.26
1.78855833778,21.3393169934,2515.0,2.0,1.0,20.0,0.2,True,0.25,0.75,350.0,0.27
4.09489035472,20.1499091247,2515.0,2.0,1.0,20.0,0.2,True,0.25,0.75,350.0,0.28
4.39132625351,25.1663173454,2515.0,2.0,1.0,20.0,0.2,True,0.25,0.75,350.0,0.29
4.98735710825,23.8673648358,2515.0,2.0,1.0,20.0,0.2,True,0.25,0.75,350.0,0.3
4.32746288307,22.7962964929,2515.0,2.0,1.0,20.0,0.2,True,0.25,0.75,350.0,0.31
3.83399621459,19.5417650387,2515.0,2.0,1.0,20.0,0.2,True,0.25,0.75,350.0,0.32
3.60561982224,20.4522151481,2515.0,2.0,1.0,20.0,0.2,True,0.25,0.75,350.0,0.33
3.08089274669,22.0106353219,2515.0,2.0,1.0,20.0,0.2,True,0.25,0.75,350.0,0.34
4.6880172709,24.3813517931,2515.0,2.0,1.0,20.0,0.2,True,0.25,0.75,350.0,0.36
2.65939597057,19.4086159886,2515.0,2.0,1.0,20.0,0.2,True,0.25,0.75,350.0,0.37
3.04455751474,21.0381680505,2515.0,2.0,1.0,20.0,0.2,True,0.25,0.75,350.0,0.38
2.74562914086,19.2212143131,2515.0,2.0,1.0,20.0,0.2,True,0.25,0.75,350.0,0.39
3.74146543035,22.3656481476,2515.0,2.0,1.0,20.0,0.2,True,0.25,0.75,350.0,0.4
1.73809520449,20.0472243663,2515.0,2.0,1.0,20.0,0.2,True,0.25,0.75,350.0,0.41
2.36780025508,20.8279949145,2515.0,2.0,1.0,20.0,0.2,True,0.25,0.75,350.0,0.42
4.81075115493,22.4912749981,2515.0,2.0,1.0,20.0,0.2,True,0.25,0.75,350.0,0.43
3.70101066225,26.1508479069,2515.0,2.0,1.0,20.0,0.2,True,0.25,0.75,350.0,0.44
3.42096677592,22.6595446529,2515.0,2.0,1.0,20.0,0.2,True,0.25,0.75,350.0,0.45
1.95039936651,19.7177386434,2515.0,2.0,1.0,20.0,0.2,True,0.25,0.75,350.0,0.46
3.71677581295,27.09030717,2515.0,2.0,1.0,20.0,0.2,True,0.25,0.75,350.0,0.47
3.8235241724,23.2690241366,2515.0,2.0,1.0,20.0,0.2,True,0.25,0.75,350.0,0.48
1.85092742973,21.2856350869,2515.0,2.0,1.0,20.0,0.2,True,0.25,0.75,350.0,0.49
2.61493661665,23.0481992408,2515.0,2.0,1.0,20.0,0.2,True,0.25,0.75,350.0,0.51
0.615401897617,25.6692280771,2515.0,2.0,1.0,20.0,0.2,True,0.25,0.75,350.0,0.52
3.2109232088,25.6502339495,2515.0,2.0,1.0,20.0,0.2,True,0.25,0.75,350.0,0.53
2.7489422418,23.3192861119,2515.0,2.0,1.0,20.0,0.2,True,0.25,0.75,350.0,0.54
1.60526332249,20.3069131179,2515.0,2.0,1.0,20.0,0.2,True,0.25,0.75,350.0,0.55
3.19856673798,24.3673672348,2515.0,2.0,1.0,20.0,0.2,True,0.25,0.75,350.0,0.56
3.3243557114,21.4741972846,2515.0,2.0,1.0,20.0,0.2,True,0.25,0.75,350.0,0.57
3.07708296253,23.5605744743,2515.0,2.0,1.0,20.0,0.2,True,0.25,0.75,350.0,0.58
2.24872594972,18.55054233,2515.0,2.0,1.0,20.0,0.2,True,0.25,0.75,350.0,0.59
3.29704774745,23.1958305731,2515.0,2.0,1.0,20.0,0.2,True,0.25,0.75,350.0,0.6
1.92879771399,22.1866428659,2515.0,2.0,1.0,20.0,0.2,True,0.25,0.75,350.0,0.61
1.67386059371,22.7483996136,2515.0,2.0,1.0,20.0,0.2,True,0.25,0.75,350.0,0.63
3.53914844162,22.7699506237,2515.0,2.0,1.0,20.0,0.2,True,0.25,0.75,350.0,0.64
2.13693547412,22.805938051,2515.0,2.0,1.0,20.0,0.2,True,0.25,0.75,350.0,0.65
2.36349939317,23.2570560357,2515.0,2.0,1.0,20.0,0.2,True,0.25,0.75,350.0,0.66
2.65548717586,21.987369013,2515.0,2.0,1.0,20.0,0.2,True,0.25,0.75,350.0,0.67
3.5262659437,26.5108747148,2515.0,2.0,1.0,20.0,0.2,True,0.25,0.75,350.0,0.68
4.12100187923,25.9728723331,2515.0,2.0,1.0,20.0,0.2,True,0.25,0.75,350.0,0.69
1.89541178673,27.2126087567,2515.0,2.0,1.0,20.0,0.2,True,0.25,0.75,350.0,0.7
3.29672892434,24.9561869875,2515.0,2.0,1.0,20.0,0.2,True,0.25,0.75,350.0,0.71
2.45965942633,22.5417102182,2515.0,2.0,1.0,20.0,0.2,True,0.25,0.75,350.0,0.72
2.06059683568,23.0212967106,2515.0,2.0,1.0,20.0,0.2,True,0.25,0.75,350.0,0.73
1.97439953783,22.9493988756,2515.0,2.0,1.0,20.0,0.2,True,0.25,0.75,350.0,0.74
3.38177483958,19.6699685775,2515.0,2.0,1.0,20.0,0.2,True,0.25,0.75,350.0,0.75
3.96041902418,25.1790336318,2515.0,2.0,1.0,20.0,0.2,True,0.25,0.75,350.0,0.76
3.53728722038,26.5382835448,2515.0,2.0,1.0,20.0,0.2,True,0.25,0.75,350.0,0.77
3.28855172156,27.2945085741,2515.0,2.0,1.0,20.0,0.2,True,0.25,0.75,350.0,0.78
3.72927050497,24.5108211194,2515.0,2.0,1.0,20.0,0.2,True,0.25,0.75,350.0,0.79
2.36555583062,23.571681901,2515.0,2.0,1.0,20.0,0.2,True,0.25,0.75,350.0,0.8
3.4314673733,22.1659636149,2515.0,2.0,1.0,20.0,0.2,True,0.25,0.75,350.0,0.81
1.25734622172,27.5306076575,2515.0,2.0,1.0,20.0,0.2,True,0.25,0.75,350.0,0.82
1.64836849895,23.7021935731,2515.0,2.0,1.0,20.0,0.2,True,0.25,0.75,350.0,0.83
3.31304427649,22.7568482076,2515.0,2.0,1.0,20.0,0.2,True,0.25,0.75,350.0,0.84
3.01226022339,23.2501495227,2515.0,2.0,1.0,20.0,0.2,True,0.25,0.75,350.0,0.85
1.82504144628,23.2711105704,2515.0,2.0,1.0,20.0,0.2,True,0.25,0.75,350.0,0.86
3.97821678298,28.839096371,2515.0,2.0,1.0,20.0,0.2,True,0.25,0.75,350.0,0.87
4.73625117741,23.8492896227,2515.0,2.0,1.0,20.0,0.2,True,0.25,0.75,350.0,0.88
1.43143670249,26.7685986287,2515.0,2.0,1.0,20.0,0.2,True,0.25,0.75,350.0,0.89
2.44366322916,25.8772988054,2515.0,2.0,1.0,20.0,0.2,True,0.25,0.75,350.0,0.9
1.96225336154,21.7827307673,2515.0,2.0,1.0,20.0,0.2,True,0.25,0.75,350.0,0.91
2.87891376254,21.8073602071,2515.0,2.0,1.0,20.0,0.2,True,0.25,0.75,350.0,0.92
1.3571324692,22.3449150203,2515.0,2.0,1.0,20.0,0.2,True,0.25,0.75,350.0,0.93
1.56586005654,23.0624759848,2515.0,2.0,1.0,20.0,0.2,True,0.25,0.75,350.0,0.94
3.55501839482,28.63670678,2515.0,2.0,1.0,20.0,0.2,True,0.25,0.75,350.0,0.95
3.4582831268,25.1780560928,2515.0,2.0,1.0,20.0,0.2,True,0.25,0.75,350.0,0.96
4.32803684259,29.7028531776,2515.0,2.0,1.0,20.0,0.2,True,0.25,0.75,350.0,0.97
2.17022045554,24.9298766672,2515.0,2.0,1.0,20.0,0.2,True,0.25,0.75,350.0,0.98
1.88546641403,22.7596211733,2515.0,2.0,1.0,20.0,0.2,True,0.25,0.75,350.0,0.99
4.70965395792,19.3205672078,2515.0,2.0,1.0,30.0,0.2,True,0.25,0.75,350.0,0.01
2.16116852364,13.2060881017,2515.0,2.0,1.0,30.0,0.2,True,0.25,0.75,350.0,0.02
1.61453765969,9.66309080527,2515.0,2.0,1.0,30.0,0.2,True,0.25,0.75,350.0,0.03
1.15281976852,7.43228753372,2515.0,2.0,1.0,30.0,0.2,True,0.25,0.75,350.0,0.04
0.96434896787,6.86231440656,2515.0,2.0,1.0,30.0,0.2,True,0.25,0.75,350.0,0.05
0.905546572073,7.84369722237,2515.0,2.0,1.0,30.0,0.2,True,0.25,0.75,350.0,0.06
0.974941523948,8.49153852292,2515.0,2.0,1.0,30.0,0.2,True,0.25,0.75,350.0,0.07
1.12388436456,6.21290467316,2515.0,2.0,1.0,30.0,0.2,True,0.25,0.75,350.0,0.08
1.10957090461,5.7832930189,2515.0,2.0,1.0,30.0,0.2,True,0.25,0.75,350.0,0.09
0.983946578673,6.69735385584,2515.0,2.0,1.0,30.0,0.2,True,0.25,0.75,350.0,0.1
1.12057142721,6.02059676037,2515.0,2.0,1.0,30.0,0.2,True,0.25,0.75,350.0,0.11
1.1762307751,6.56366963759,2515.0,2.0,1.0,30.0,0.2,True,0.25,0.75,350.0,0.12
1.21915261631,6.90930575493,2515.0,2.0,1.0,30.0,0.2,True,0.25,0.75,350.0,0.13
0.990031179243,7.31343678586,2515.0,2.0,1.0,30.0,0.2,True,0.25,0.75,350.0,0.14
1.28869432733,8.84075940698,2515.0,2.0,1.0,30.0,0.2,True,0.25,0.75,350.0,0.15
0.909942396683,8.57839026026,2515.0,2.0,1.0,30.0,0.2,True,0.25,0.75,350.0,0.16
1.23646028278,7.88179805053,2515.0,2.0,1.0,30.0,0.2,True,0.25,0.75,350.0,0.17
1.11664856053,9.17941839793,2515.0,2.0,1.0,30.0,0.2,True,0.25,0.75,350.0,0.18
1.2772126099,11.5292204343,2515.0,2.0,1.0,30.0,0.2,True,0.25,0.75,350.0,0.19
2.40727654446,12.8842245122,2515.0,2.0,1.0,30.0,0.2,True,0.25,0.75,350.0,0.2
1.2684062499,12.8137992786,2515.0,2.0,1.0,30.0,0.2,True,0.25,0.75,350.0,0.21
2.23898138502,12.9603650117,2515.0,2.0,1.0,30.0,0.2,True,0.25,0.75,350.0,0.22
4.38445552559,21.0501535685,2515.0,2.0,1.0,30.0,0.2,True,0.25,0.75,350.0,0.23
3.90819478731,18.4472237915,2515.0,2.0,1.0,30.0,0.2,True,0.25,0.75,350.0,0.24
4.1064595779,19.8212342535,2515.0,2.0,1.0,30.0,0.2,True,0.25,0.75,350.0,0.25
4.52548175534,23.5313755096,2515.0,2.0,1.0,30.0,0.2,True,0.25,0.75,350.0,0.28
3.01882143159,18.6815591204,2515.0,2.0,1.0,30.0,0.2,True,0.25,0.75,350.0,0.29
4.88244591534,22.5221458375,2515.0,2.0,1.0,30.0,0.2,True,0.25,0.75,350.0,0.3
3.62086138147,20.6899562915,2515.0,2.0,1.0,30.0,0.2,True,0.25,0.75,350.0,0.31
3.1685415456,19.0866613033,2515.0,2.0,1.0,30.0,0.2,True,0.25,0.75,350.0,0.32
4.57941278353,22.9944971623,2515.0,2.0,1.0,30.0,0.2,True,0.25,0.75,350.0,0.33
3.9235546681,21.4902609871,2515.0,2.0,1.0,30.0,0.2,True,0.25,0.75,350.0,0.35
2.67833924561,23.2053903216,2515.0,2.0,1.0,30.0,0.2,True,0.25,0.75,350.0,0.36
3.26775179913,21.5707847291,2515.0,2.0,1.0,30.0,0.2,True,0.25,0.75,350.0,0.38
2.65381346525,18.6962150641,2515.0,2.0,1.0,30.0,0.2,True,0.25,0.75,350.0,0.39
3.99910800432,21.225699546,2515.0,2.0,1.0,30.0,0.2,True,0.25,0.75,350.0,0.4
3.22410444717,20.08654202,2515.0,2.0,1.0,30.0,0.2,True,0.25,0.75,350.0,0.41
4.17596799741,22.7430913113,2515.0,2.0,1.0,30.0,0.2,True,0.25,0.75,350.0,0.42
3.37778720079,26.8596922419,2515.0,2.0,1.0,30.0,0.2,True,0.25,0.75,350.0,0.43
3.41628678087,19.9708887092,2515.0,2.0,1.0,30.0,0.2,True,0.25,0.75,350.0,0.44
2.82070266623,20.9616894513,2515.0,2.0,1.0,30.0,0.2,True,0.25,0.75,350.0,0.45
3.26818816953,25.9064590147,2515.0,2.0,1.0,30.0,0.2,True,0.25,0.75,350.0,0.46
1.69243243499,23.0203996726,2515.0,2.0,1.0,30.0,0.2,True,0.25,0.75,350.0,0.47
3.87893232356,19.3935564825,2515.0,2.0,1.0,30.0,0.2,True,0.25,0.75,350.0,0.48
2.23430699183,26.2999933921,2515.0,2.0,1.0,30.0,0.2,True,0.25,0.75,350.0,0.49
3.78659669808,24.9648078278,2515.0,2.0,1.0,30.0,0.2,True,0.25,0.75,350.0,0.5
3.23238011803,19.8245841693,2515.0,2.0,1.0,30.0,0.2,True,0.25,0.75,350.0,0.51
1.80126003454,20.7621291865,2515.0,2.0,1.0,30.0,0.2,True,0.25,0.75,350.0,0.52
3.63956363028,26.416851897,2515.0,2.0,1.0,30.0,0.2,True,0.25,0.75,350.0,0.53
4.20904120645,22.88995507,2515.0,2.0,1.0,30.0,0.2,True,0.25,0.75,350.0,0.54
3.42829940108,20.7879020078,2515.0,2.0,1.0,30.0,0.2,True,0.25,0.75,350.0,0.55
4.49074045432,24.8834026396,2515.0,2.0,1.0,30.0,0.2,True,0.25,0.75,350.0,0.56
4.06966181902,24.0040037554,2515.0,2.0,1.0,30.0,0.2,True,0.25,0.75,350.0,0.57
3.62594692837,21.9234990384,2515.0,2.0,1.0,30.0,0.2,True,0.25,0.75,350.0,0.58
4.81134648295,24.8737640164,2515.0,2.0,1.0,30.0,0.2,True,0.25,0.75,350.0,0.59
2.88014842572,22.9801476196,2515.0,2.0,1.0,30.0,0.2,True,0.25,0.75,350.0,0.6
3.11536049274,24.2976430185,2515.0,2.0,1.0,30.0,0.2,True,0.25,0.75,350.0,0.61
3.28931358788,23.2418857071,2515.0,2.0,1.0,30.0,0.2,True,0.25,0.75,350.0,0.62
3.06302361462,20.3205900534,2515.0,2.0,1.0,30.0,0.2,True,0.25,0.75,350.0,0.63
3.38239778984,18.4546434049,2515.0,2.0,1.0,30.0,0.2,True,0.25,0.75,350.0,0.64
2.78865969996,21.9189187396,2515.0,2.0,1.0,30.0,0.2,True,0.25,0.75,350.0,0.65
2.23449146821,20.8455144312,2515.0,2.0,1.0,30.0,0.2,True,0.25,0.75,350.0,0.66
3.35851698952,23.8251811374,2515.0,2.0,1.0,30.0,0.2,True,0.25,0.75,350.0,0.67
3.4340832001,25.6021644432,2515.0,2.0,1.0,30.0,0.2,True,0.25,0.75,350.0,0.68
2.46545520584,20.6613466659,2515.0,2.0,1.0,30.0,0.2,True,0.25,0.75,350.0,0.69
2.68618755695,22.2707163794,2515.0,2.0,1.0,30.0,0.2,True,0.25,0.75,350.0,0.7
3.10262538546,20.328208888,2515.0,2.0,1.0,30.0,0.2,True,0.25,0.75,350.0,0.71
2.81968021796,24.1790100612,2515.0,2.0,1.0,30.0,0.2,True,0.25,0.75,350.0,0.72
4.7988587138,24.3837996696,2515.0,2.0,1.0,30.0,0.2,True,0.25,0.75,350.0,0.73
3.1818764399,20.0061547105,2515.0,2.0,1.0,30.0,0.2,True,0.25,0.75,350.0,0.74
3.58297821045,21.3718204672,2515.0,2.0,1.0,30.0,0.2,True,0.25,0.75,350.0,0.75
4.07058138008,26.0175572184,2515.0,2.0,1.0,30.0,0.2,True,0.25,0.75,350.0,0.77
2.98673344851,20.409232153,2515.0,2.0,1.0,30.0,0.2,True,0.25,0.75,350.0,0.78
2.59380987647,23.334320566,2515.0,2.0,1.0,30.0,0.2,True,0.25,0.75,350.0,0.79
2.56576899243,24.0747359543,2515.0,2.0,1.0,30.0,0.2,True,0.25,0.75,350.0,0.8
2.98964827428,22.1819191324,2515.0,2.0,1.0,30.0,0.2,True,0.25,0.75,350.0,0.81
4.46220416862,26.9661987143,2515.0,2.0,1.0,30.0,0.2,True,0.25,0.75,350.0,0.82
3.23783288192,21.4997337247,2515.0,2.0,1.0,30.0,0.2,True,0.25,0.75,350.0,0.83
2.28245486916,22.9901955485,2515.0,2.0,1.0,30.0,0.2,True,0.25,0.75,350.0,0.84
2.58013484053,24.4465991631,2515.0,2.0,1.0,30.0,0.2,True,0.25,0.75,350.0,0.85
3.34052928455,24.3475750308,2515.0,2.0,1.0,30.0,0.2,True,0.25,0.75,350.0,0.86
3.3546998198,21.7527714966,2515.0,2.0,1.0,30.0,0.2,True,0.25,0.75,350.0,0.87
1.35637294682,26.2879501027,2515.0,2.0,1.0,30.0,0.2,True,0.25,0.75,350.0,0.88
2.64634598733,21.0550234134,2515.0,2.0,1.0,30.0,0.2,True,0.25,0.75,350.0,0.89
4.49745567402,30.8388923787,2515.0,2.0,1.0,30.0,0.2,True,0.25,0.75,350.0,0.9
2.20590425604,21.6180068901,2515.0,2.0,1.0,30.0,0.2,True,0.25,0.75,350.0,0.91
3.6630975682,25.4312731491,2515.0,2.0,1.0,30.0,0.2,True,0.25,0.75,350.0,0.92
2.75799100262,22.2342583843,2515.0,2.0,1.0,30.0,0.2,True,0.25,0.75,350.0,0.93
4.65923107923,25.3484828423,2515.0,2.0,1.0,30.0,0.2,True,0.25,0.75,350.0,0.94
2.99024836088,21.9437245588,2515.0,2.0,1.0,30.0,0.2,True,0.25,0.75,350.0,0.95
2.35077911662,21.4827898297,2515.0,2.0,1.0,30.0,0.2,True,0.25,0.75,350.0,0.96
3.03991237287,24.5328949881,2515.0,2.0,1.0,30.0,0.2,True,0.25,0.75,350.0,0.97
2.49830929379,26.2919302824,2515.0,2.0,1.0,30.0,0.2,True,0.25,0.75,350.0,0.98
3.2431014853,22.1675653714,2515.0,2.0,1.0,30.0,0.2,True,0.25,0.75,350.0,0.99
4.81479506931,20.8467334887,2515.0,2.0,2.0,10.0,0.2,True,0.25,0.75,350.0,0.08
3.74183922244,20.4217336793,2515.0,2.0,2.0,10.0,0.2,True,0.25,0.75,350.0,0.09
2.98923164719,19.3625887119,2515.0,2.0,2.0,10.0,0.2,True,0.25,0.75,350.0,0.1
4.62653818106,29.6026893073,2515.0,2.0,2.0,10.0,0.2,True,0.25,0.75,350.0,0.11
3.34785743497,22.841755223,2515.0,2.0,2.0,10.0,0.2,True,0.25,0.75,350.0,0.12
3.56270710917,21.1647366026,2515.0,2.0,2.0,10.0,0.2,True,0.25,0.75,350.0,0.13
2.57677932737,20.2967443013,2515.0,2.0,2.0,10.0,0.2,True,0.25,0.75,350.0,0.14
2.6726523046,24.4307763718,2515.0,2.0,2.0,10.0,0.2,True,0.25,0.75,350.0,0.15
1.97624246907,23.2070329846,2515.0,2.0,2.0,10.0,0.2,True,0.25,0.75,350.0,0.16
4.02741842239,27.7652148927,2515.0,2.0,2.0,10.0,0.2,True,0.25,0.75,350.0,0.17
2.40671461645,22.0003473904,2515.0,2.0,2.0,10.0,0.2,True,0.25,0.75,350.0,0.18
2.72646540027,22.1040901798,2515.0,2.0,2.0,10.0,0.2,True,0.25,0.75,350.0,0.19
3.62398341412,27.2446099919,2515.0,2.0,2.0,10.0,0.2,True,0.25,0.75,350.0,0.2
2.4654275146,21.9891333054,2515.0,2.0,2.0,10.0,0.2,True,0.25,0.75,350.0,0.21
3.11484168904,24.5175393749,2515.0,2.0,2.0,10.0,0.2,True,0.25,0.75,350.0,0.23
3.17625891945,22.8097702773,2515.0,2.0,2.0,10.0,0.2,True,0.25,0.75,350.0,0.24
4.08306697872,27.7745842625,2515.0,2.0,2.0,10.0,0.2,True,0.25,0.75,350.0,0.25
4.01347393135,22.2176263457,2515.0,2.0,2.0,10.0,0.2,True,0.25,0.75,350.0,0.26
4.83260172702,24.0973627552,2515.0,2.0,2.0,10.0,0.2,True,0.25,0.75,350.0,0.27
4.37148778363,23.9058075306,2515.0,2.0,2.0,10.0,0.2,True,0.25,0.75,350.0,0.28
4.62500361228,23.7028420731,2515.0,2.0,2.0,10.0,0.2,True,0.25,0.75,350.0,0.29
4.2835866167,21.1497157631,2515.0,2.0,2.0,10.0,0.2,True,0.25,0.75,350.0,0.3
3.83708707658,23.6820995496,2515.0,2.0,2.0,10.0,0.2,True,0.25,0.75,350.0,0.33
4.47414173344,22.4581365776,2515.0,2.0,2.0,10.0,0.2,True,0.25,0.75,350.0,0.35
4.60610815269,23.7007940016,2515.0,2.0,2.0,10.0,0.2,True,0.25,0.75,350.0,0.44
4.39458162975,23.6280684873,2515.0,2.0,2.0,10.0,0.2,True,0.25,0.75,350.0,0.48
4.64681071477,23.3580817627,2515.0,2.0,2.0,10.0,0.2,True,0.25,0.75,350.0,0.49
4.50308663741,24.2043968154,2515.0,2.0,2.0,10.0,0.2,True,0.25,0.75,350.0,0.54
4.73330100256,24.8172587034,2515.0,2.0,2.0,10.0,0.2,True,0.25,0.75,350.0,0.55
4.69825618878,23.3343578192,2515.0,2.0,2.0,10.0,0.2,True,0.25,0.75,350.0,0.56
3.94994320566,23.0088334651,2515.0,2.0,2.0,10.0,0.2,True,0.25,0.75,350.0,0.58
4.70699983788,23.6409228483,2515.0,2.0,2.0,10.0,0.2,True,0.25,0.75,350.0,0.63
4.45915264835,22.6783352746,2515.0,2.0,2.0,10.0,0.2,True,0.25,0.75,350.0,0.65
4.98769252848,24.7565339732,2515.0,2.0,2.0,10.0,0.2,True,0.25,0.75,350.0,0.71
4.77604316769,23.9139578963,2515.0,2.0,2.0,10.0,0.2,True,0.25,0.75,350.0,0.72
4.41473321156,26.0321498044,2515.0,2.0,2.0,10.0,0.2,True,0.25,0.75,350.0,0.73
4.98921489405,22.518774963,2515.0,2.0,2.0,10.0,0.2,True,0.25,0.75,350.0,0.78
4.32310597999,23.4247672083,2515.0,2.0,2.0,10.0,0.2,True,0.25,0.75,350.0,0.87
3.97098723719,22.2055700783,2515.0,2.0,2.0,10.0,0.2,True,0.25,0.75,350.0,0.91
4.88104411065,24.554323153,2515.0,2.0,2.0,10.0,0.2,True,0.25,0.75,350.0,0.92
4.8614050441,23.8390137718,2515.0,2.0,2.0,10.0,0.2,True,0.25,0.75,350.0,0.93
4.8052901987,22.3619586476,2515.0,2.0,2.0,10.0,0.2,True,0.25,0.75,350.0,0.94
4.16227026528,22.8891310382,2515.0,2.0,2.0,10.0,0.2,True,0.25,0.75,350.0,0.98
4.68407939418,22.8783148377,2515.0,2.0,2.0,20.0,0.2,True,0.25,0.75,350.0,0.1
3.05745214596,18.6208125038,2515.0,2.0,2.0,20.0,0.2,True,0.25,0.75,350.0,0.11
4.00079536681,22.2215863825,2515.0,2.0,2.0,20.0,0.2,True,0.25,0.75,350.0,0.12
2.61927979804,20.2400401957,2515.0,2.0,2.0,20.0,0.2,True,0.25,0.75,350.0,0.13
2.72022403182,22.9693108485,2515.0,2.0,2.0,20.0,0.2,True,0.25,0.75,350.0,0.14
2.21998232173,22.340380992,2515.0,2.0,2.0,20.0,0.2,True,0.25,0.75,350.0,0.15
2.74516466679,21.0495620455,2515.0,2.0,2.0,20.0,0.2,True,0.25,0.75,350.0,0.16
1.15068821936,21.2774759154,2515.0,2.0,2.0,20.0,0.2,True,0.25,0.75,350.0,0.17
0.7130202949,24.5808312947,2515.0,2.0,2.0,20.0,0.2,True,0.25,0.75,350.0,0.18
3.14843161685,31.7584616538,2515.0,2.0,2.0,20.0,0.2,True,0.25,0.75,350.0,0.19
2.1945830137,24.8176108362,2515.0,2.0,2.0,20.0,0.2,True,0.25,0.75,350.0,0.2
4.58223043858,27.4238504918,2515.0,2.0,2.0,20.0,0.2,True,0.25,0.75,350.0,0.21
1.46149523875,22.4495800853,2515.0,2.0,2.0,20.0,0.2,True,0.25,0.75,350.0,0.22
3.25562445001,22.5216898732,2515.0,2.0,2.0,20.0,0.2,True,0.25,0.75,350.0,0.23
3.02154901711,25.086753163,2515.0,2.0,2.0,20.0,0.2,True,0.25,0.75,350.0,0.24
2.0255703781,23.164501651,2515.0,2.0,2.0,20.0,0.2,True,0.25,0.75,350.0,0.25
4.131201913,27.5935352156,2515.0,2.0,2.0,20.0,0.2,True,0.25,0.75,350.0,0.26
3.37200544347,24.278931509,2515.0,2.0,2.0,20.0,0.2,True,0.25,0.75,350.0,0.27
4.57900786115,28.9494266983,2515.0,2.0,2.0,20.0,0.2,True,0.25,0.75,350.0,0.28
4.26915225572,23.6085440129,2515.0,2.0,2.0,20.0,0.2,True,0.25,0.75,350.0,0.29
4.07665269911,25.3705538224,2515.0,2.0,2.0,20.0,0.2,True,0.25,0.75,350.0,0.3
4.57919122668,24.7240633615,2515.0,2.0,2.0,20.0,0.2,True,0.25,0.75,350.0,0.31
4.58497400368,26.5326921821,2515.0,2.0,2.0,20.0,0.2,True,0.25,0.75,350.0,0.33
4.30691795094,24.0790741918,2515.0,2.0,2.0,20.0,0.2,True,0.25,0.75,350.0,0.47
4.42279379372,22.4581419444,2515.0,2.0,2.0,20.0,0.2,True,0.25,0.75,350.0,0.49
4.25053193794,24.6181200792,2515.0,2.0,2.0,20.0,0.2,True,0.25,0.75,350.0,0.53
4.43238925886,26.1595662741,2515.0,2.0,2.0,20.0,0.2,True,0.25,0.75,350.0,0.57
3.17924283877,23.0082069702,2515.0,2.0,2.0,20.0,0.2,True,0.25,0.75,350.0,0.59
4.90542348097,24.8248899887,2515.0,2.0,2.0,20.0,0.2,True,0.25,0.75,350.0,0.62
3.60938839338,23.8216198861,2515.0,2.0,2.0,20.0,0.2,True,0.25,0.75,350.0,0.63
4.3029381157,22.366429649,2515.0,2.0,2.0,20.0,0.2,True,0.25,0.75,350.0,0.64
4.86692675318,24.5871537369,2515.0,2.0,2.0,20.0,0.2,True,0.25,0.75,350.0,0.65
3.34847329735,22.1996589845,2515.0,2.0,2.0,20.0,0.2,True,0.25,0.75,350.0,0.66
4.27253245144,22.194915721,2515.0,2.0,2.0,20.0,0.2,True,0.25,0.75,350.0,0.67
4.88872674369,28.9287130676,2515.0,2.0,2.0,20.0,0.2,True,0.25,0.75,350.0,0.68
4.51646710651,24.4213300139,2515.0,2.0,2.0,20.0,0.2,True,0.25,0.75,350.0,0.69
4.32773852476,27.6936070522,2515.0,2.0,2.0,20.0,0.2,True,0.25,0.75,350.0,0.72
3.8032895805,24.560555394,2515.0,2.0,2.0,20.0,0.2,True,0.25,0.75,350.0,0.73
3.39906021357,21.5105873126,2515.0,2.0,2.0,20.0,0.2,True,0.25,0.75,350.0,0.75
4.27063222293,26.1019849032,2515.0,2.0,2.0,20.0,0.2,True,0.25,0.75,350.0,0.76
3.17565797196,23.2148938708,2515.0,2.0,2.0,20.0,0.2,True,0.25,0.75,350.0,0.78
4.45919948149,24.7777342669,2515.0,2.0,2.0,20.0,0.2,True,0.25,0.75,350.0,0.8
3.78314491099,24.0641761862,2515.0,2.0,2.0,20.0,0.2,True,0.25,0.75,350.0,0.82
4.27275844729,22.3529192088,2515.0,2.0,2.0,20.0,0.2,True,0.25,0.75,350.0,0.83
3.40923261898,24.9763306165,2515.0,2.0,2.0,20.0,0.2,True,0.25,0.75,350.0,0.85
4.52389932313,23.041204266,2515.0,2.0,2.0,20.0,0.2,True,0.25,0.75,350.0,0.86
3.9830420681,21.8861272141,2515.0,2.0,2.0,20.0,0.2,True,0.25,0.75,350.0,0.87
4.2055766421,23.9981681433,2515.0,2.0,2.0,20.0,0.2,True,0.25,0.75,350.0,0.88
4.51513095283,24.2947228457,2515.0,2.0,2.0,20.0,0.2,True,0.25,0.75,350.0,0.89
3.73986502212,25.329832986,2515.0,2.0,2.0,20.0,0.2,True,0.25,0.75,350.0,0.9
4.81867278679,24.7295426194,2515.0,2.0,2.0,20.0,0.2,True,0.25,0.75,350.0,0.91
4.09308395048,24.3140995389,2515.0,2.0,2.0,20.0,0.2,True,0.25,0.75,350.0,0.92
3.77662400209,22.0549069161,2515.0,2.0,2.0,20.0,0.2,True,0.25,0.75,350.0,0.93
4.03588707157,25.3344298928,2515.0,2.0,2.0,20.0,0.2,True,0.25,0.75,350.0,0.94
3.84389690185,22.0726785888,2515.0,2.0,2.0,20.0,0.2,True,0.25,0.75,350.0,0.95
4.46562590408,22.8995553772,2515.0,2.0,2.0,20.0,0.2,True,0.25,0.75,350.0,0.97
4.79842628748,26.9897295925,2515.0,2.0,2.0,20.0,0.2,True,0.25,0.75,350.0,0.98
4.95432299838,20.883186464,2515.0,2.0,2.0,30.0,0.2,True,0.25,0.75,350.0,0.09
4.62480205263,20.4475573043,2515.0,2.0,2.0,30.0,0.2,True,0.25,0.75,350.0,0.1
4.49151822872,22.9040849183,2515.0,2.0,2.0,30.0,0.2,True,0.25,0.75,350.0,0.11
3.37898443366,19.9706567126,2515.0,2.0,2.0,30.0,0.2,True,0.25,0.75,350.0,0.12
3.85850254232,22.6699940501,2515.0,2.0,2.0,30.0,0.2,True,0.25,0.75,350.0,0.13
3.01992692692,20.3756449751,2515.0,2.0,2.0,30.0,0.2,True,0.25,0.75,350.0,0.14
3.24666928096,19.788510007,2515.0,2.0,2.0,30.0,0.2,True,0.25,0.75,350.0,0.15
2.75765273967,20.4074228975,2515.0,2.0,2.0,30.0,0.2,True,0.25,0.75,350.0,0.16
1.78571710885,19.9340996811,2515.0,2.0,2.0,30.0,0.2,True,0.25,0.75,350.0,0.17
1.67556105243,21.2057246893,2515.0,2.0,2.0,30.0,0.2,True,0.25,0.75,350.0,0.18
2.37606646372,23.6255388328,2515.0,2.0,2.0,30.0,0.2,True,0.25,0.75,350.0,0.19
2.67911983088,23.5592978082,2515.0,2.0,2.0,30.0,0.2,True,0.25,0.75,350.0,0.2
2.64611845724,26.4635998638,2515.0,2.0,2.0,30.0,0.2,True,0.25,0.75,350.0,0.21
3.54094565564,23.9447282044,2515.0,2.0,2.0,30.0,0.2,True,0.25,0.75,350.0,0.22
3.8223290409,30.2645442362,2515.0,2.0,2.0,30.0,0.2,True,0.25,0.75,350.0,0.23
1.93967784788,23.5588287771,2515.0,2.0,2.0,30.0,0.2,True,0.25,0.75,350.0,0.24
4.17781613495,27.3946356928,2515.0,2.0,2.0,30.0,0.2,True,0.25,0.75,350.0,0.25
3.09500942148,22.4046197545,2515.0,2.0,2.0,30.0,0.2,True,0.25,0.75,350.0,0.26
4.42789304254,26.9791930186,2515.0,2.0,2.0,30.0,0.2,True,0.25,0.75,350.0,0.27
4.60081761678,30.5190551272,2515.0,2.0,2.0,30.0,0.2,True,0.25,0.75,350.0,0.29
3.66459396718,27.1447468872,2515.0,2.0,2.0,30.0,0.2,True,0.25,0.75,350.0,0.3
1.94812575838,24.5710542028,2515.0,2.0,2.0,30.0,0.2,True,0.25,0.75,350.0,0.32
3.93393617697,26.8260629597,2515.0,2.0,2.0,30.0,0.2,True,0.25,0.75,350.0,0.34
4.08951919241,26.4674535478,2515.0,2.0,2.0,30.0,0.2,True,0.25,0.75,350.0,0.35
4.11718683559,21.727168618,2515.0,2.0,2.0,30.0,0.2,True,0.25,0.75,350.0,0.36
3.43125108947,22.6809680586,2515.0,2.0,2.0,30.0,0.2,True,0.25,0.75,350.0,0.39
3.930929951,25.1286535954,2515.0,2.0,2.0,30.0,0.2,True,0.25,0.75,350.0,0.4
3.96459582406,23.0599124979,2515.0,2.0,2.0,30.0,0.2,True,0.25,0.75,350.0,0.41
3.56542866712,29.9034325386,2515.0,2.0,2.0,30.0,0.2,True,0.25,0.75,350.0,0.42
3.58689488597,23.5880930395,2515.0,2.0,2.0,30.0,0.2,True,0.25,0.75,350.0,0.43
4.15586329262,23.3763224658,2515.0,2.0,2.0,30.0,0.2,True,0.25,0.75,350.0,0.45
3.25733897725,24.1820558177,2515.0,2.0,2.0,30.0,0.2,True,0.25,0.75,350.0,0.46
4.46263579342,24.9532174568,2515.0,2.0,2.0,30.0,0.2,True,0.25,0.75,350.0,0.47
2.1920152936,21.48558872,2515.0,2.0,2.0,30.0,0.2,True,0.25,0.75,350.0,0.48
4.49454791567,23.9138425319,2515.0,2.0,2.0,30.0,0.2,True,0.25,0.75,350.0,0.5
4.58577656756,25.0443778416,2515.0,2.0,2.0,30.0,0.2,True,0.25,0.75,350.0,0.51
4.914900396,25.8680796249,2515.0,2.0,2.0,30.0,0.2,True,0.25,0.75,350.0,0.52
4.6729902957,27.2147543222,2515.0,2.0,2.0,30.0,0.2,True,0.25,0.75,350.0,0.53
2.31666294245,27.2954361619,2515.0,2.0,2.0,30.0,0.2,True,0.25,0.75,350.0,0.55
4.94789459769,23.8027373765,2515.0,2.0,2.0,30.0,0.2,True,0.25,0.75,350.0,0.56
2.62736416167,23.624496521,2515.0,2.0,2.0,30.0,0.2,True,0.25,0.75,350.0,0.57
2.52469318804,22.2715465791,2515.0,2.0,2.0,30.0,0.2,True,0.25,0.75,350.0,0.59
2.69868612729,19.9182750307,2515.0,2.0,2.0,30.0,0.2,True,0.25,0.75,350.0,0.61
2.60613897391,22.8513084117,2515.0,2.0,2.0,30.0,0.2,True,0.25,0.75,350.0,0.62
1.98381260208,21.4572700401,2515.0,2.0,2.0,30.0,0.2,True,0.25,0.75,350.0,0.63
4.80230765083,29.6976791948,2515.0,2.0,2.0,30.0,0.2,True,0.25,0.75,350.0,0.64
4.14845543152,20.0560420335,2515.0,2.0,2.0,30.0,0.2,True,0.25,0.75,350.0,0.65
3.57522702044,23.5412726952,2515.0,2.0,2.0,30.0,0.2,True,0.25,0.75,350.0,0.66
4.07508951405,22.8399042943,2515.0,2.0,2.0,30.0,0.2,True,0.25,0.75,350.0,0.67
4.40532159172,25.4651936709,2515.0,2.0,2.0,30.0,0.2,True,0.25,0.75,350.0,0.68
4.77092791257,21.6491690387,2515.0,2.0,2.0,30.0,0.2,True,0.25,0.75,350.0,0.69
2.59405477327,21.6903345376,2515.0,2.0,2.0,30.0,0.2,True,0.25,0.75,350.0,0.7
4.63269810349,24.8231062116,2515.0,2.0,2.0,30.0,0.2,True,0.25,0.75,350.0,0.72
3.15851596767,22.8800149342,2515.0,2.0,2.0,30.0,0.2,True,0.25,0.75,350.0,0.75
2.82961785978,23.1003463694,2515.0,2.0,2.0,30.0,0.2,True,0.25,0.75,350.0,0.76
2.168230707,20.9102454883,2515.0,2.0,2.0,30.0,0.2,True,0.25,0.75,350.0,0.77
3.00254963554,25.1397873966,2515.0,2.0,2.0,30.0,0.2,True,0.25,0.75,350.0,0.78
3.75799561867,24.4863142711,2515.0,2.0,2.0,30.0,0.2,True,0.25,0.75,350.0,0.79
4.18505172892,22.8874954593,2515.0,2.0,2.0,30.0,0.2,True,0.25,0.75,350.0,0.8
1.68997492801,21.6370478543,2515.0,2.0,2.0,30.0,0.2,True,0.25,0.75,350.0,0.81
4.83224419,24.2075051985,2515.0,2.0,2.0,30.0,0.2,True,0.25,0.75,350.0,0.82
3.74740298678,24.4854421435,2515.0,2.0,2.0,30.0,0.2,True,0.25,0.75,350.0,0.83
3.66430343807,23.4754154397,2515.0,2.0,2.0,30.0,0.2,True,0.25,0.75,350.0,0.84
4.79219532054,26.7413430105,2515.0,2.0,2.0,30.0,0.2,True,0.25,0.75,350.0,0.85
2.59050809214,21.145639272,2515.0,2.0,2.0,30.0,0.2,True,0.25,0.75,350.0,0.86
3.09507003799,23.9557452672,2515.0,2.0,2.0,30.0,0.2,True,0.25,0.75,350.0,0.87
4.51729380585,24.1290450691,2515.0,2.0,2.0,30.0,0.2,True,0.25,0.75,350.0,0.88
4.21916535886,23.082017707,2515.0,2.0,2.0,30.0,0.2,True,0.25,0.75,350.0,0.89
4.78385162525,24.9691644931,2515.0,2.0,2.0,30.0,0.2,True,0.25,0.75,350.0,0.9
3.55148090631,23.3903999193,2515.0,2.0,2.0,30.0,0.2,True,0.25,0.75,350.0,0.91
3.16764863359,23.6634634959,2515.0,2.0,2.0,30.0,0.2,True,0.25,0.75,350.0,0.92
2.86369800113,23.592032881,2515.0,2.0,2.0,30.0,0.2,True,0.25,0.75,350.0,0.93
4.41406294212,22.8274773064,2515.0,2.0,2.0,30.0,0.2,True,0.25,0.75,350.0,0.94
3.086063372,23.8958316564,2515.0,2.0,2.0,30.0,0.2,True,0.25,0.75,350.0,0.95
4.15056726275,21.990367652,2515.0,2.0,2.0,30.0,0.2,True,0.25,0.75,350.0,0.96
3.25754387212,22.353288195,2515.0,2.0,2.0,30.0,0.2,True,0.25,0.75,350.0,0.97
3.65510901538,23.4896561049,2515.0,2.0,2.0,30.0,0.2,True,0.25,0.75,350.0,0.98
2.4642501376,18.1922615772,2515.0,2.0,1.0,75.0,0.2,True,0.25,0.75,350.0,0.01
2.16290252931,16.3109759967,2515.0,2.0,1.0,75.0,0.2,True,0.25,0.75,350.0,0.02
0.647732099165,8.6576717661,2515.0,2.0,1.0,75.0,0.2,True,0.25,0.75,350.0,0.03
0.958377937625,9.72905494087,2515.0,2.0,1.0,75.0,0.2,True,0.25,0.75,350.0,0.04
0.618581635472,6.61385476203,2515.0,2.0,1.0,75.0,0.2,True,0.25,0.75,350.0,0.05
1.10967957919,5.83612243329,2515.0,2.0,1.0,75.0,0.2,True,0.25,0.75,350.0,0.06
1.21763913992,6.77859642568,2515.0,2.0,1.0,75.0,0.2,True,0.25,0.75,350.0,0.07
1.62227056507,7.28938049829,2515.0,2.0,1.0,75.0,0.2,True,0.25,0.75,350.0,0.08
1.5130188739,8.25943441068,2515.0,2.0,1.0,75.0,0.2,True,0.25,0.75,350.0,0.09
2.58276585433,12.9092339861,2515.0,2.0,1.0,75.0,0.2,True,0.25,0.75,350.0,0.1
3.12012342298,12.5169852347,2515.0,2.0,1.0,75.0,0.2,True,0.25,0.75,350.0,0.11
4.101169832,17.5156187046,2515.0,2.0,1.0,75.0,0.2,True,0.25,0.75,350.0,0.12
2.88366058658,14.1165077097,2515.0,2.0,1.0,75.0,0.2,True,0.25,0.75,350.0,0.13
4.47088516532,18.2137085412,2515.0,2.0,1.0,75.0,0.2,True,0.25,0.75,350.0,0.14
4.26907460481,16.1099895029,2515.0,2.0,1.0,75.0,0.2,True,0.25,0.75,350.0,0.15
4.31887732881,18.3209724368,2515.0,2.0,1.0,75.0,0.2,True,0.25,0.75,350.0,0.16
4.38711206788,15.160130632,2515.0,2.0,1.0,75.0,0.2,True,0.25,0.75,350.0,0.17
4.69038257336,19.015727534,2515.0,2.0,1.0,75.0,0.2,True,0.25,0.75,350.0,0.18
4.40547151918,18.2127520314,2515.0,2.0,1.0,75.0,0.2,True,0.25,0.75,350.0,0.19
4.5005555646,17.800377146,2515.0,2.0,1.0,75.0,0.2,True,0.25,0.75,350.0,0.2
4.57386578603,18.7635539437,2515.0,2.0,1.0,75.0,0.2,True,0.25,0.75,350.0,0.21
3.93110493476,19.2488279345,2515.0,2.0,1.0,75.0,0.2,True,0.25,0.75,350.0,0.22
4.24199688586,16.7757385873,2515.0,2.0,1.0,75.0,0.2,True,0.25,0.75,350.0,0.23
4.97370054727,18.8268915901,2515.0,2.0,1.0,75.0,0.2,True,0.25,0.75,350.0,0.25
4.62941184905,16.8936748266,2515.0,2.0,1.0,75.0,0.2,True,0.25,0.75,350.0,0.27
4.50234433981,18.0847675342,2515.0,2.0,1.0,75.0,0.2,True,0.25,0.75,350.0,0.28
4.29286527858,16.6359686297,2515.0,2.0,1.0,75.0,0.2,True,0.25,0.75,350.0,0.29
4.67434098591,18.9666908991,2515.0,2.0,1.0,75.0,0.2,True,0.25,0.75,350.0,0.3
3.62755752934,15.4195229145,2515.0,2.0,1.0,75.0,0.2,True,0.25,0.75,350.0,0.31
4.44081471226,21.360346219,2515.0,2.0,1.0,75.0,0.2,True,0.25,0.75,350.0,0.32
3.71115875817,16.7830848457,2515.0,2.0,1.0,75.0,0.2,True,0.25,0.75,350.0,0.33
4.94040236825,20.6328093825,2515.0,2.0,1.0,75.0,0.2,True,0.25,0.75,350.0,0.34
3.91874648194,17.1794607289,2515.0,2.0,1.0,75.0,0.2,True,0.25,0.75,350.0,0.35
4.47596895908,19.8547016969,2515.0,2.0,1.0,75.0,0.2,True,0.25,0.75,350.0,0.36
3.77948185786,16.4418179903,2515.0,2.0,1.0,75.0,0.2,True,0.25,0.75,350.0,0.37
4.22437445642,18.2924225853,2515.0,2.0,1.0,75.0,0.2,True,0.25,0.75,350.0,0.38
4.14134678247,21.3315018676,2515.0,2.0,1.0,75.0,0.2,True,0.25,0.75,350.0,0.39
4.05385232625,17.510132072,2515.0,2.0,1.0,75.0,0.2,True,0.25,0.75,350.0,0.41
4.74444936758,20.7491271273,2515.0,2.0,1.0,75.0,0.2,True,0.25,0.75,350.0,0.42
4.91543279766,21.8352386333,2515.0,2.0,1.0,75.0,0.2,True,0.25,0.75,350.0,0.43
3.26093574652,17.3011854624,2515.0,2.0,1.0,75.0,0.2,True,0.25,0.75,350.0,0.48
4.18144432744,23.0927391993,2515.0,2.0,1.0,75.0,0.2,True,0.25,0.75,350.0,0.49
4.02536803321,18.4427450051,2515.0,2.0,1.0,75.0,0.2,True,0.25,0.75,350.0,0.5
4.1829359729,20.4474860329,2515.0,2.0,1.0,75.0,0.2,True,0.25,0.75,350.0,0.51
2.99317046682,22.5478662689,2515.0,2.0,1.0,75.0,0.2,True,0.25,0.75,350.0,0.55
4.60797376138,24.0030141551,2515.0,2.0,1.0,75.0,0.2,True,0.25,0.75,350.0,0.56
4.37212489625,22.1910649113,2515.0,2.0,1.0,75.0,0.2,True,0.25,0.75,350.0,0.58
4.48655695181,21.7870894503,2515.0,2.0,1.0,75.0,0.2,True,0.25,0.75,350.0,0.6
3.97190455503,20.7109505321,2515.0,2.0,1.0,75.0,0.2,True,0.25,0.75,350.0,0.61
4.33272470758,22.6942484877,2515.0,2.0,1.0,75.0,0.2,True,0.25,0.75,350.0,0.62
3.65947271327,20.8686576111,2515.0,2.0,1.0,75.0,0.2,True,0.25,0.75,350.0,0.63
4.31160926354,21.0744882178,2515.0,2.0,1.0,75.0,0.2,True,0.25,0.75,350.0,0.64
2.764403671,19.8295355019,2515.0,2.0,1.0,75.0,0.2,True,0.25,0.75,350.0,0.66
3.07010748317,19.5752089755,2515.0,2.0,1.0,75.0,0.2,True,0.25,0.75,350.0,0.69
3.95666171939,21.589768511,2515.0,2.0,1.0,75.0,0.2,True,0.25,0.75,350.0,0.71
3.75020244041,19.7465731574,2515.0,2.0,1.0,75.0,0.2,True,0.25,0.75,350.0,0.72
2.36706444545,21.1291807528,2515.0,2.0,1.0,75.0,0.2,True,0.25,0.75,350.0,0.73
3.39414708221,23.3051270432,2515.0,2.0,1.0,75.0,0.2,True,0.25,0.75,350.0,0.74
3.17429394814,23.0717575756,2515.0,2.0,1.0,75.0,0.2,True,0.25,0.75,350.0,0.75
2.66972180123,21.4036703455,2515.0,2.0,1.0,75.0,0.2,True,0.25,0.75,350.0,0.76
4.26045912146,22.6454871206,2515.0,2.0,1.0,75.0,0.2,True,0.25,0.75,350.0,0.77
2.38829873448,20.5961968247,2515.0,2.0,1.0,75.0,0.2,True,0.25,0.75,350.0,0.78
2.71686732217,20.0849107047,2515.0,2.0,1.0,75.0,0.2,True,0.25,0.75,350.0,0.79
3.16131113129,21.4136186032,2515.0,2.0,1.0,75.0,0.2,True,0.25,0.75,350.0,0.8
3.22469040007,19.6173960201,2515.0,2.0,1.0,75.0,0.2,True,0.25,0.75,350.0,0.81
3.6713654282,19.0138406266,2515.0,2.0,1.0,75.0,0.2,True,0.25,0.75,350.0,0.82
1.70237521848,22.5649412339,2515.0,2.0,1.0,75.0,0.2,True,0.25,0.75,350.0,0.83
2.88869843907,22.6049912234,2515.0,2.0,1.0,75.0,0.2,True,0.25,0.75,350.0,0.84
2.31867551219,20.8476353329,2515.0,2.0,1.0,75.0,0.2,True,0.25,0.75,350.0,0.85
2.6581134567,20.081360447,2515.0,2.0,1.0,75.0,0.2,True,0.25,0.75,350.0,0.86
2.66813679793,22.4150118656,2515.0,2.0,1.0,75.0,0.2,True,0.25,0.75,350.0,0.87
1.38838595246,26.6126082888,2515.0,2.0,1.0,75.0,0.2,True,0.25,0.75,350.0,0.88
2.92834237001,21.8377361443,2515.0,2.0,1.0,75.0,0.2,True,0.25,0.75,350.0,0.89
2.48627747451,24.1446260779,2515.0,2.0,1.0,75.0,0.2,True,0.25,0.75,350.0,0.9
2.01257741907,20.2817530051,2515.0,2.0,1.0,75.0,0.2,True,0.25,0.75,350.0,0.91
4.43827030693,26.3473087244,2515.0,2.0,1.0,75.0,0.2,True,0.25,0.75,350.0,0.92
2.66218895454,21.9900785391,2515.0,2.0,1.0,75.0,0.2,True,0.25,0.75,350.0,0.93
2.7713770813,23.0875997248,2515.0,2.0,1.0,75.0,0.2,True,0.25,0.75,350.0,0.94
0.339643627964,29.1163838922,2515.0,2.0,1.0,75.0,0.2,True,0.25,0.75,350.0,0.95
1.86857495619,24.2385270484,2515.0,2.0,1.0,75.0,0.2,True,0.25,0.75,350.0,0.96
4.13886131629,25.2119127226,2515.0,2.0,1.0,75.0,0.2,True,0.25,0.75,350.0,0.97
-4.42841806024,33.9761717813,2515.0,2.0,1.0,75.0,0.2,True,0.25,0.75,350.0,0.98
1.34780412066,20.7471844444,2515.0,2.0,1.0,75.0,0.2,True,0.25,0.75,350.0,0.99
4.95789663661,20.8189798431,2515.0,2.0,2.0,75.0,0.2,True,0.25,0.75,350.0,0.05
4.45990021862,21.163277511,2515.0,2.0,2.0,75.0,0.2,True,0.25,0.75,350.0,0.06
4.52095027776,20.8405881261,2515.0,2.0,2.0,75.0,0.2,True,0.25,0.75,350.0,0.07
4.07951370027,21.175734296,2515.0,2.0,2.0,75.0,0.2,True,0.25,0.75,350.0,0.1
4.1820398866,24.517221259,2515.0,2.0,2.0,75.0,0.2,True,0.25,0.75,350.0,0.24
2.760662871,29.4719463167,2515.0,2.0,2.0,75.0,0.2,True,0.25,0.75,350.0,0.25
2.51717775265,22.4520374982,2515.0,2.0,2.0,75.0,0.2,True,0.25,0.75,350.0,0.26
1.29489736233,20.7498613925,2515.0,2.0,2.0,75.0,0.2,True,0.25,0.75,350.0,0.27
4.47567474247,28.1628139735,2515.0,2.0,2.0,75.0,0.2,True,0.25,0.75,350.0,0.28
1.27330799411,24.0516646774,2515.0,2.0,2.0,75.0,0.2,True,0.25,0.75,350.0,0.29
2.58968211757,22.411919621,2515.0,2.0,2.0,75.0,0.2,True,0.25,0.75,350.0,0.3
3.36433232274,23.7987726253,2515.0,2.0,2.0,75.0,0.2,True,0.25,0.75,350.0,0.31
2.57953620065,20.9761246991,2515.0,2.0,2.0,75.0,0.2,True,0.25,0.75,350.0,0.32
2.81444183745,23.743224625,2515.0,2.0,2.0,75.0,0.2,True,0.25,0.75,350.0,0.33
4.12692531773,25.8462169533,2515.0,2.0,2.0,75.0,0.2,True,0.25,0.75,350.0,0.34
1.95195932293,20.9410360659,2515.0,2.0,2.0,75.0,0.2,True,0.25,0.75,350.0,0.35
1.57335990679,21.8401343222,2515.0,2.0,2.0,75.0,0.2,True,0.25,0.75,350.0,0.36
2.37578902943,22.8577764221,2515.0,2.0,2.0,75.0,0.2,True,0.25,0.75,350.0,0.37
3.5691137757,27.04910172,2515.0,2.0,2.0,75.0,0.2,True,0.25,0.75,350.0,0.38
2.41125003878,22.8630838994,2515.0,2.0,2.0,75.0,0.2,True,0.25,0.75,350.0,0.39
3.11634845124,22.9177494554,2515.0,2.0,2.0,75.0,0.2,True,0.25,0.75,350.0,0.4
1.47519352123,21.5551442309,2515.0,2.0,2.0,75.0,0.2,True,0.25,0.75,350.0,0.41
0.376029884333,29.4116344021,2515.0,2.0,2.0,75.0,0.2,True,0.25,0.75,350.0,0.42
2.46421481197,21.0721765377,2515.0,2.0,2.0,75.0,0.2,True,0.25,0.75,350.0,0.43
1.48498781303,21.8812622945,2515.0,2.0,2.0,75.0,0.2,True,0.25,0.75,350.0,0.44
1.2137019651,20.4320311301,2515.0,2.0,2.0,75.0,0.2,True,0.25,0.75,350.0,0.45
2.40063156358,19.3829254274,2515.0,2.0,2.0,75.0,0.2,True,0.25,0.75,350.0,0.46
1.65906612453,21.248355913,2515.0,2.0,2.0,75.0,0.2,True,0.25,0.75,350.0,0.47
0.874872409528,23.4086960689,2515.0,2.0,2.0,75.0,0.2,True,0.25,0.75,350.0,0.48
2.6405026813,23.3611574651,2515.0,2.0,2.0,75.0,0.2,True,0.25,0.75,350.0,0.49
2.63258542123,23.7797027938,2515.0,2.0,2.0,75.0,0.2,True,0.25,0.75,350.0,0.5
2.24031196017,22.2900448135,2515.0,2.0,2.0,75.0,0.2,True,0.25,0.75,350.0,0.51
2.06847169785,22.1332738409,2515.0,2.0,2.0,75.0,0.2,True,0.25,0.75,350.0,0.52
2.5639801942,21.2646736161,2515.0,2.0,2.0,75.0,0.2,True,0.25,0.75,350.0,0.53
1.44298819074,22.5869300816,2515.0,2.0,2.0,75.0,0.2,True,0.25,0.75,350.0,0.54
1.00423812106,22.4591826285,2515.0,2.0,2.0,75.0,0.2,True,0.25,0.75,350.0,0.55
1.37801253397,22.6515689287,2515.0,2.0,2.0,75.0,0.2,True,0.25,0.75,350.0,0.56
2.22261593314,22.3093221378,2515.0,2.0,2.0,75.0,0.2,True,0.25,0.75,350.0,0.57
2.15704753981,24.0196698026,2515.0,2.0,2.0,75.0,0.2,True,0.25,0.75,350.0,0.58
1.39130887952,23.3184575963,2515.0,2.0,2.0,75.0,0.2,True,0.25,0.75,350.0,0.59
1.41179413983,24.6760224877,2515.0,2.0,2.0,75.0,0.2,True,0.25,0.75,350.0,0.6
3.90079462677,24.0892795673,2515.0,2.0,2.0,75.0,0.2,True,0.25,0.75,350.0,0.61
1.23137060716,22.3348940724,2515.0,2.0,2.0,75.0,0.2,True,0.25,0.75,350.0,0.62
0.501279954468,25.0539188322,2515.0,2.0,2.0,75.0,0.2,True,0.25,0.75,350.0,0.63
0.973251514871,25.4082818038,2515.0,2.0,2.0,75.0,0.2,True,0.25,0.75,350.0,0.64
1.11926229114,26.9111545666,2515.0,2.0,2.0,75.0,0.2,True,0.25,0.75,350.0,0.65
2.14366776593,23.843133597,2515.0,2.0,2.0,75.0,0.2,True,0.25,0.75,350.0,0.66
0.431265134875,22.36548433,2515.0,2.0,2.0,75.0,0.2,True,0.25,0.75,350.0,0.67
1.44365187397,20.7033772048,2515.0,2.0,2.0,75.0,0.2,True,0.25,0.75,350.0,0.68
2.58506775995,23.3187796035,2515.0,2.0,2.0,75.0,0.2,True,0.25,0.75,350.0,0.69
3.19424390312,27.8790866914,2515.0,2.0,2.0,75.0,0.2,True,0.25,0.75,350.0,0.7
1.90228094247,25.3524308754,2515.0,2.0,2.0,75.0,0.2,True,0.25,0.75,350.0,0.71
3.19785330927,22.4524238247,2515.0,2.0,2.0,75.0,0.2,True,0.25,0.75,350.0,0.72
2.42762482847,20.9326591036,2515.0,2.0,2.0,75.0,0.2,True,0.25,0.75,350.0,0.73
2.53044994085,23.1695378778,2515.0,2.0,2.0,75.0,0.2,True,0.25,0.75,350.0,0.74
3.2582265101,22.1604847714,2515.0,2.0,2.0,75.0,0.2,True,0.25,0.75,350.0,0.75
2.47702937484,24.4803355082,2515.0,2.0,2.0,75.0,0.2,True,0.25,0.75,350.0,0.76
2.34561737815,23.2181117502,2515.0,2.0,2.0,75.0,0.2,True,0.25,0.75,350.0,0.77
2.92537992528,22.5893480399,2515.0,2.0,2.0,75.0,0.2,True,0.25,0.75,350.0,0.78
2.28959496321,25.7209938147,2515.0,2.0,2.0,75.0,0.2,True,0.25,0.75,350.0,0.79
3.02046754616,22.8047990417,2515.0,2.0,2.0,75.0,0.2,True,0.25,0.75,350.0,0.8
2.59567549646,20.9334060199,2515.0,2.0,2.0,75.0,0.2,True,0.25,0.75,350.0,0.81
2.23340210562,22.383741112,2515.0,2.0,2.0,75.0,0.2,True,0.25,0.75,350.0,0.83
2.99494615889,22.2760241311,2515.0,2.0,2.0,75.0,0.2,True,0.25,0.75,350.0,0.84
1.92377857022,25.3593482937,2515.0,2.0,2.0,75.0,0.2,True,0.25,0.75,350.0,0.85
0.803124258486,23.0528190836,2515.0,2.0,2.0,75.0,0.2,True,0.25,0.75,350.0,0.86
0.448073959193,23.500596422,2515.0,2.0,2.0,75.0,0.2,True,0.25,0.75,350.0,0.87
3.6674224018,24.1603516754,2515.0,2.0,2.0,75.0,0.2,True,0.25,0.75,350.0,0.88
1.61427014989,22.7390238716,2515.0,2.0,2.0,75.0,0.2,True,0.25,0.75,350.0,0.89
2.97020809069,23.1303645101,2515.0,2.0,2.0,75.0,0.2,True,0.25,0.75,350.0,0.9
1.40895444337,24.1695088785,2515.0,2.0,2.0,75.0,0.2,True,0.25,0.75,350.0,0.91
1.75851112754,23.5680361317,2515.0,2.0,2.0,75.0,0.2,True,0.25,0.75,350.0,0.93
2.70353630355,20.9014589342,2515.0,2.0,2.0,75.0,0.2,True,0.25,0.75,350.0,0.94
1.99525567778,26.0010435405,2515.0,2.0,2.0,75.0,0.2,True,0.25,0.75,350.0,0.95
0.939929599092,24.8510740717,2515.0,2.0,2.0,75.0,0.2,True,0.25,0.75,350.0,0.96
0.951218790487,23.7515564429,2515.0,2.0,2.0,75.0,0.2,True,0.25,0.75,350.0,0.97
2.47481368584,21.6307982183,2515.0,2.0,2.0,75.0,0.2,True,0.25,0.75,350.0,0.98
